tipo de gasto,up,ur,pp,programa presupuestario,importe,year
PROGRAMABLE,DESPACHO DEL GOBERNADOR,DESPACHO DEL GOBERNADOR,636,Atencion Integral del Despacho del C. Gobernador,"7,499,273.93",2019
PROGRAMABLE,SECRETARIA GENERAL DE GOBIERNO,SECRETARIA GENERAL DE GOBIERNO,10,"Gobierno digital en linea, innovacion y crecimiento en cobertura de servicios","869,050.00",2019
PROGRAMABLE,SECRETARIA GENERAL DE GOBIERNO,SECRETARIA GENERAL DE GOBIERNO,15,Modernizacion del Registro Civil,"4,182,773.00",2019
PROGRAMABLE,SECRETARIA GENERAL DE GOBIERNO,SECRETARIA GENERAL DE GOBIERNO,19,"Asesoria tecnica de recursos financieros, humanos, informaticos, servicios generales , publicaciones oficiales y productos graficos","107,594,336.16",2019
PROGRAMABLE,SECRETARIA GENERAL DE GOBIERNO,SECRETARIA GENERAL DE GOBIERNO,26,Atencion a los Asuntos y Conflictos Agrarios en el Estado de Jalisco,"12,563,724.50",2019
PROGRAMABLE,SECRETARIA GENERAL DE GOBIERNO,SECRETARIA GENERAL DE GOBIERNO,27,Agenda para el Desarrollo Municipal,"2,070,000.00",2019
PROGRAMABLE,SECRETARIA GENERAL DE GOBIERNO,SECRETARIA GENERAL DE GOBIERNO,36,Certificacion de documentos e Instrumentos publicos dando certeza y seguridad juridica a los ciudadanos,"4,742,508.00",2019
PROGRAMABLE,SECRETARIA GENERAL DE GOBIERNO,SECRETARIA GENERAL DE GOBIERNO,45,Actos registrales y mercantiles,"806,906.00",2019
PROGRAMABLE,SECRETARIA GENERAL DE GOBIERNO,SECRETARIA GENERAL DE GOBIERNO,711,Red de Enlace y Sistema Integral Ciudadano de la Secretaria General de Gobierno,"29,949,181.88",2019
PROGRAMABLE,SECRETARIA GENERAL DE GOBIERNO,SECRETARIA GENERAL DE GOBIERNO,733,Modelo de Atencion Integral a Victimas,"26,425,000.00",2019
PROGRAMABLE,SECRETARIA GENERAL DE GOBIERNO,SECRETARIA GENERAL DE GOBIERNO,739,Evaluacion y Monitoreo de la Problematica Social en las Regiones y Estado,"187,280,384.00",2019
PROGRAMABLE,SECRETARIA GENERAL DE GOBIERNO,SECRETARIA GENERAL DE GOBIERNO,798,"Conduccion de la Politica Interior, las Relaciones y Asuntos dirigidos al Ejecutivo Estatal","24,327,059.00",2019
PROGRAMABLE,SECRETARIA GENERAL DE GOBIERNO,SECRETARIA GENERAL DE GOBIERNO,799,Consolidacion del Nuevo Sistema de Justicia Penal para el Estado de Jalisco,"7,385,000.00",2019
PROGRAMABLE,SECRETARIA GENERAL DE GOBIERNO,SECRETARIA GENERAL DE GOBIERNO,804,"Programa Estatal de Proteccion Integral de niñas, niños, y adolescentes","1,916,800.00",2019
PROGRAMABLE,SECRETARIA GENERAL DE GOBIERNO,SECRETARIA GENERAL DE GOBIERNO,805,"Seguridad, certeza en los actos juridicos, firma electronica, guarda , custodia de los inmuebles del Estado","1,057,000.00",2019
PROGRAMABLE,SECRETARIA GENERAL DE GOBIERNO,FONDO ESTATAL DE DESASTRES NATURALES (FOEDEN),708,Fideicomiso Fondo Estatal de Desastres Naturales Jalisco (FOEDEN),"58,462,418.00",2019
PROGRAMABLE,SECRETARIA GENERAL DE GOBIERNO,INSTITUTO DE INFORMACION ESTAD?STICA Y GEOGR?FICA DEL ESTADO DE JALISCO,79,Informacion Estrategica para la Toma de Decisiones,"30,675,037.76",2019
PROGRAMABLE,SECRETARIA GENERAL DE GOBIERNO,UNIDAD ESTATAL DE PROTECCION CIVIL Y BOMBEROS,580,Prevencion y Atencion de Emergencias,"146,555,227.25",2019
PROGRAMABLE,SECRETARIA GENERAL DE GOBIERNO,UNIDAD ESTATAL DE PROTECCION CIVIL Y BOMBEROS,581,Fortalecimiento de la Cultura de la Proteccion Civil,"16,025,408.05",2019
PROGRAMABLE,SECRETARIA GENERAL DE GOBIERNO,UNIDAD ESTATAL DE PROTECCION CIVIL Y BOMBEROS,582,Fortalecimiento del Sistema Estatal de Proteccion Civil,"2,394,474.55",2019
PROGRAMABLE,SECRETARIA GENERAL DE GOBIERNO,UNIDAD ESTATAL DE PROTECCION CIVIL Y BOMBEROS,583,Brigadistas Comunitarios,"9,750,822.88",2019
PROGRAMABLE,SECRETARIA GENERAL DE GOBIERNO,UNIDAD ESTATAL DE PROTECCION CIVIL Y BOMBEROS,584,Atlas Estatal de Riesgos,"2,074,179.55",2019
PROGRAMABLE,SECRETARIA GENERAL DE GOBIERNO,FIDEICOMISO PARA LA OPERACION DEL SISTEMA DE JUSTICIA PENAL,850,"Seguimiento, evaluacion y consolidacion del nuevo sistema de justicia penal (juicios orales)","50,000,000.00",2019
PROGRAMABLE,SECRETARIA GENERAL DE GOBIERNO,COMISION PARA LA BUSQUEDA DE PERSONAS DESAPARECIDAS,928,Programa Estatal de Busqueda de Personas,"10,000,000.00",2019
PROGRAMABLE,SECRETARIA DE LA HACIENDA PUBLICA,SECRETARIA DE LA HACIENDA PUBLICA,54,Fortalecimiento de la Hacienda Publica Estatal,"229,388,337.70",2019
PROGRAMABLE,SECRETARIA DE LA HACIENDA PUBLICA,SECRETARIA DE LA HACIENDA PUBLICA,56,Atencion al contribuyente en Oficinas Recaudadoras y medios alternos de pago,"261,026,009.40",2019
PROGRAMABLE,SECRETARIA DE LA HACIENDA PUBLICA,SECRETARIA DE LA HACIENDA PUBLICA,57,Cobro coactivo de creditos fiscales,"21,288,338.00",2019
PROGRAMABLE,SECRETARIA DE LA HACIENDA PUBLICA,SECRETARIA DE LA HACIENDA PUBLICA,66,Atencion de asuntos juridicos fiscales,"25,192,916.68",2019
PROGRAMABLE,SECRETARIA DE LA HACIENDA PUBLICA,SECRETARIA DE LA HACIENDA PUBLICA,75,Obligaciones Financieras y Fiscales del Gobierno del Estado,"303,813,212.45",2019
PROGRAMABLE,SECRETARIA DE LA HACIENDA PUBLICA,SECRETARIA DE LA HACIENDA PUBLICA,76,Innovacion y Tecnologias de Informacion y Telecomunicaciones,"106,539,923.16",2019
PROGRAMABLE,SECRETARIA DE LA HACIENDA PUBLICA,SECRETARIA DE LA HACIENDA PUBLICA,81,Vinculacion con Organismos Publicos Descentralizados del Poder Ejecutivo,"11,424,097.00",2019
PROGRAMABLE,SECRETARIA DE LA HACIENDA PUBLICA,SECRETARIA DE LA HACIENDA PUBLICA,88,"Administracion Eficiente y Eficaz de los Recursos Humanos, Materiales y Financieros de la Secretaria de Hacienda Publica","285,463,728.34",2019
PROGRAMABLE,SECRETARIA DE LA HACIENDA PUBLICA,SECRETARIA DE LA HACIENDA PUBLICA,89,Coordinacion del Proceso Presupuestario y Administracion de los Recursos Materiales y Desarrollo de los Recursos Humanos,"63,737,695.72",2019
PROGRAMABLE,SECRETARIA DE LA HACIENDA PUBLICA,SECRETARIA DE LA HACIENDA PUBLICA,93,Vigilancia del Cumplimiento de las Obligaciones Fiscales,"77,761,236.99",2019
PROGRAMABLE,SECRETARIA DE LA HACIENDA PUBLICA,SECRETARIA DE LA HACIENDA PUBLICA,104,Presupuesto basado en Resultados (PbR),"25,215,215.43",2019
PROGRAMABLE,SECRETARIA DE EDUCACION,SECRETARIA DE EDUCACION,111,Imparticion de la Educacion Preescolar,"1,620,990,083.85",2019
PROGRAMABLE,SECRETARIA DE EDUCACION,SECRETARIA DE EDUCACION,112,Imparticion de la Educacion Primaria,"24,499,964,760.54",2019
PROGRAMABLE,SECRETARIA DE EDUCACION,SECRETARIA DE EDUCACION,113,Imparticion de la Educacion Secundaria,"2,419,723,463.19",2019
PROGRAMABLE,SECRETARIA DE EDUCACION,SECRETARIA DE EDUCACION,121,Acciones de Apoyo a la Curricula de Educacion Basica,"222,184,720.63",2019
PROGRAMABLE,SECRETARIA DE EDUCACION,SECRETARIA DE EDUCACION,127,Programa para la Inclusion y la Equidad Educativa,"4,122,000.00",2019
PROGRAMABLE,SECRETARIA DE EDUCACION,SECRETARIA DE EDUCACION,131,Tecnologias para Potenciar el Proceso de Enseñanza Aprendizaje en la Educacion Basica,"8,954,594.12",2019
PROGRAMABLE,SECRETARIA DE EDUCACION,SECRETARIA DE EDUCACION,132,Fortalecimiento de la Vinculacion entre los Niveles de Educacion Basica y las Actividades de Apoyo Escolar,"150,315,397.51",2019
PROGRAMABLE,SECRETARIA DE EDUCACION,SECRETARIA DE EDUCACION,133,Programa Becas Economicas,"25,817,654.73",2019
PROGRAMABLE,SECRETARIA DE EDUCACION,SECRETARIA DE EDUCACION,137,Actualizacion y Capacitacion Continua a Docentes de Educacion Basica en Servicio,"68,619,410.11",2019
PROGRAMABLE,SECRETARIA DE EDUCACION,SECRETARIA DE EDUCACION,147,Fomento de la Participacion Social en la Educacion Basica,"18,314,868.65",2019
PROGRAMABLE,SECRETARIA DE EDUCACION,SECRETARIA DE EDUCACION,649,Imparticion de la Educacion Media Superior y la Capacitacion para el Trabajo,"23,621,208.94",2019
PROGRAMABLE,SECRETARIA DE EDUCACION,SECRETARIA DE EDUCACION,652,Conduccion de la Politica Educativa,"69,769,409.16",2019
PROGRAMABLE,SECRETARIA DE EDUCACION,SECRETARIA DE EDUCACION,655,Administracion Educativa Regional,"111,572,632.08",2019
PROGRAMABLE,SECRETARIA DE EDUCACION,SECRETARIA DE EDUCACION,790,Programa de la Reforma Educativa,"29,381,640.00",2019
PROGRAMABLE,SECRETARIA DE EDUCACION,SECRETARIA DE EDUCACION,807,Administracion del Sistema Educativo Estatal,"489,013,171.71",2019
PROGRAMABLE,SECRETARIA DE EDUCACION,SECRETARIA DE EDUCACION,808,Planeacion y Evaluacion del Sistema Educativo Estatal,"51,272,204.21",2019
PROGRAMABLE,SECRETARIA DE EDUCACION,SECRETARIA DE EDUCACION,809,Apoyos educativos para grupos vulnerables y la formacion integral,"721,814,991.81",2019
PROGRAMABLE,SECRETARIA DE EDUCACION,SECRETARIA DE EDUCACION,810,Formacion inicial y de posgrado para los docentes de educacion basica,"244,866,413.44",2019
PROGRAMABLE,SECRETARIA DE EDUCACION,SECRETARIA DE EDUCACION,811,Fomento de la salud de los alumnos de Educacion Basica,"99,621,307.93",2019
PROGRAMABLE,SECRETARIA DE EDUCACION,COLEGIO NACIONAL DE EDUCACION PROFESIONAL T?CNICA DEL ESTADO DE JALISCO,148,Formacion Profesional Tecnica y Tecnica Bachiller,"317,718,814.04",2019
PROGRAMABLE,SECRETARIA DE EDUCACION,COLEGIO DE ESTUDIOS CIENTIFICOS Y TECNOLOGICOS DEL ESTADO DE JALISCO,149,Oferta de bachillerato tecnologico con calidad y pertinencia en Jalisco,"414,700,705.76",2019
PROGRAMABLE,SECRETARIA DE EDUCACION,COLEGIO DE BACHILLERES DEL ESTADO DE JALISCO,150,Oferta de Bachillerato General en el estado de Jalisco en sus diferentes Opciones,"575,469,082.56",2019
PROGRAMABLE,SECRETARIA DE EDUCACION,INSTITUTO DE FORMACION PARA EL TRABAJO DEL ESTADO DE JALISCO (IDEFT),151,Formacion y Capacitacion para el Trabajo,"115,753,937.42",2019
PROGRAMABLE,SECRETARIA DE EDUCACION,INSTITUTO ESTATAL PARA LA EDUCACION DE J?VENES Y ADULTOS (INEEJAD),152,Operacion de los servicios educativos del Instituto Estatal para la Educacion de Jovenes y Adultos,"156,037,967.00",2019
PROGRAMABLE,SECRETARIA DE SALUD JALISCO,SECRETARIA DE SALUD JALISCO,665,Rectoria del Sector Salud,"972,464,341.00",2019
PROGRAMABLE,SECRETARIA DE SALUD JALISCO,O.P.D. SERVICIOS DE SALUD JALISCO,182,Ampliar el acceso efectivo a los servicios de salud,"1,285,428,326.00",2019
PROGRAMABLE,SECRETARIA DE SALUD JALISCO,O.P.D. SERVICIOS DE SALUD JALISCO,190,Programa de Calidad en la Prestacion de los Servicios de Salud a la Persona,"3,121,545,162.83",2019
PROGRAMABLE,SECRETARIA DE SALUD JALISCO,O.P.D. SERVICIOS DE SALUD JALISCO,193,Impulsar la integracion funcional hacia la universalidad de los servicios de salud,"1,217,023,180.06",2019
PROGRAMABLE,SECRETARIA DE SALUD JALISCO,O.P.D. HOSPITAL CIVIL DE GUADALAJARA,909,"Prevencion, Promocion, Atencion y Formacion en Salud para Proporcionar Servicios Integrales de Segundo y Tercer nivel a nuestra Poblacion Usuaria.","3,888,142,173.80",2019
PROGRAMABLE,SECRETARIA DE SALUD JALISCO,INSTITUTO JALISCIENSE DE CANCEROLOGIA,801,Atencion especializada a pacientes con cancer,"61,051,779.00",2019
PROGRAMABLE,SECRETARIA DE SALUD JALISCO,CONSEJO ESTATAL DE TRASPLANTES DE ORGANOS Y TEJIDOS,164,Fortalecimiento de la cultura integral de trasplante de organos y tejidos,"14,120,360.00",2019
PROGRAMABLE,SECRETARIA DE SALUD JALISCO,COMISION DE ARBITRAJE MEDICO DEL ESTADO DE JALISCO,191,Atencion del conflicto medico paciente,"9,536,114.00",2019
PROGRAMABLE,SECRETARIA DE SALUD JALISCO,REGIMEN ESTATAL DE PROTECCION SOCIAL EN SALUD DE JALISCO,713,Sistema de Proteccion Social en Salud de Jalisco,"2,907,836,602.00",2019
PROGRAMABLE,SECRETARIA DE SALUD JALISCO,CONSEJO ESTATAL CONTRA LAS ADICCIONES EN JALISCO,155,Operacion de los Centros de Atencion Primaria en Adicciones (CAPA),"19,832,800.93",2019
PROGRAMABLE,SECRETARIA DE SALUD JALISCO,CONSEJO ESTATAL CONTRA LAS ADICCIONES EN JALISCO,637,Prevencion en el uso y abuso de sustancias adictivas,"59,407,009.15",2019
PROGRAMABLE,SECRETARIA DE SALUD JALISCO,CONSEJO ESTATAL PARA LA PREVENCION DE ACCIDENTES,171,Prevencion de Accidentes,"1,906,760.00",2019
PROGRAMABLE,SECRETARIA DE SALUD JALISCO,CONSEJO ESTATAL PARA LA PREVENCION DE ACCIDENTES,172,Sistema de Atencion Medica de Urgencias (S.A.M.U.),"22,615,002.00",2019
PROGRAMABLE,SECRETARIA DE SALUD JALISCO,CONSEJO ESTATAL PARA LA PREVENCION DEL S?NDROME DE INMUNODEFICIENCIA ADQUIRIDA (VIH),178,Prevencion y control del Virus de la Inmunodeficiencia Humana,"19,361,866.22",2019
PROGRAMABLE,SECRETARIA DE SALUD JALISCO,O.P.D. SERVICIOS DE SALUD JALISCO (INSTITUTO JALISCIENSE DE SALUD MENTAL),167,"Promocion, prevencion y Atencion oportuna de los trastornos mentales en la poblacion jalisciense.","105,721,737.00",2019
PROGRAMABLE,SECRETARIA DE SALUD JALISCO,O.P.D. SERVICIOS DE SALUD JALISCO (INSTITUTO JALISCIENSE DE ALIVIO DEL DOLOR Y CUIDADOS PALIATIVOS),189,"Atencion medica con calidad a pacientes con dolor cronico o fase terminal, en el Estado de Jalisco.","8,504,746.00",2019
PROGRAMABLE,SECRETARIA DE SALUD JALISCO,O.P.D. SERVICIOS DE SALUD JALISCO (COMISION PARA LA PROTECCION CONTRA RIESGOS SANITARIOS DEL ESTADO DE JALISCO),715,Programas y Proyectos de Proteccion contra Riesgos Sanitarios,"37,428,559.00",2019
PROGRAMABLE,SECRETARIA DE INFRAESTRUCTURA Y OBRA PUBLICA,SECRETARIA DE INFRAESTRUCTURA Y OBRA PUBLICA,195,Ejecucion y supervision de la obra publica,"1,446,558,506.19",2019
PROGRAMABLE,SECRETARIA DE INFRAESTRUCTURA Y OBRA PUBLICA,SECRETARIA DE INFRAESTRUCTURA Y OBRA PUBLICA,196,Proyectos para el desarrollo de infraestructura urbana en el estado de Jalisco,"9,340,736.00",2019
PROGRAMABLE,SECRETARIA DE INFRAESTRUCTURA Y OBRA PUBLICA,SECRETARIA DE INFRAESTRUCTURA Y OBRA PUBLICA,205,Fondo Complementario para el Desarrollo Regional (FONDEREG),"240,000,000.00",2019
PROGRAMABLE,SECRETARIA DE INFRAESTRUCTURA Y OBRA PUBLICA,SECRETARIA DE INFRAESTRUCTURA Y OBRA PUBLICA,206,Obra Publica mediante los Fondos Metropolitanos de Jalisco,"515,581,685.00",2019
PROGRAMABLE,SECRETARIA DE INFRAESTRUCTURA Y OBRA PUBLICA,SECRETARIA DE INFRAESTRUCTURA Y OBRA PUBLICA,214,Conservacion de la red carretera estatal,"1,252,761,365.00",2019
PROGRAMABLE,SECRETARIA DE INFRAESTRUCTURA Y OBRA PUBLICA,SECRETARIA DE INFRAESTRUCTURA Y OBRA PUBLICA,216,Construccion de la red carretera estatal,"6,226,704.00",2019
PROGRAMABLE,SECRETARIA DE INFRAESTRUCTURA Y OBRA PUBLICA,SECRETARIA DE INFRAESTRUCTURA Y OBRA PUBLICA,219,Gestion y fomento para el desarrollo y la mejora de infraestructura social y productiva del Estado de Jalisco,"355,883,813.30",2019
PROGRAMABLE,SECRETARIA DE INFRAESTRUCTURA Y OBRA PUBLICA,SECRETARIA DE INFRAESTRUCTURA Y OBRA PUBLICA,269,Generacion de Infraestructura Productiva Rural y Social Basica,"625,524,155.00",2019
PROGRAMABLE,SECRETARIA DE INFRAESTRUCTURA Y OBRA PUBLICA,SECRETARIA DE INFRAESTRUCTURA Y OBRA PUBLICA,270,Infraestructura en Caminos Rurales,"2,078,072.00",2019
PROGRAMABLE,SECRETARIA DE INFRAESTRUCTURA Y OBRA PUBLICA,SECRETARIA DE INFRAESTRUCTURA Y OBRA PUBLICA,734,Fondo concursable para el Desarrollo de infraestructura en los Municipios del Estado.,"200,000,000.00",2019
PROGRAMABLE,SECRETARIA DE INFRAESTRUCTURA Y OBRA PUBLICA,SECRETARIA DE INFRAESTRUCTURA Y OBRA PUBLICA,910,"Gestion para el desarrollo de la Infraestructura en la entidad, mediante la proyeccion y construccion de las obras publicas.","327,009,185.84",2019
PROGRAMABLE,SECRETARIA DE INFRAESTRUCTURA Y OBRA PUBLICA,INSTITUTO DE LA INFRAESTRUCTURA FISICA EDUCATIVA DE JALISCO,812,Operacion de los programas de infraestructura escolar en el Estado,"570,034,116.00",2019
PROGRAMABLE,SECRETARIA DE DESARROLLO ECONOMICO,SECRETARIA DE DESARROLLO ECONOMICO,225,Jalisco Competitivo,"142,407,114.03",2019
PROGRAMABLE,SECRETARIA DE DESARROLLO ECONOMICO,SECRETARIA DE DESARROLLO ECONOMICO,228,Invierte en Jalisco,"100,757,185.98",2019
PROGRAMABLE,SECRETARIA DE DESARROLLO ECONOMICO,SECRETARIA DE DESARROLLO ECONOMICO,231,Principios de Buen Gobierno y Desarrollo institucional,"40,734,870.74",2019
PROGRAMABLE,SECRETARIA DE DESARROLLO ECONOMICO,CONSEJO ESTATAL DE PROMOCION ECON?MICA,235,"Fomento a la Industria, Comercio y Servicios CEPE","35,293,397.90",2019
PROGRAMABLE,SECRETARIA DE DESARROLLO ECONOMICO,FONDO JALISCO DE FOMENTO EMPRESARIAL (FOJAL),251,Fondo Jalisco de Fomento Empresarial,"10,000,000.00",2019
PROGRAMABLE,SECRETARIA DE DESARROLLO ECONOMICO,FIDEICOMISO COMISION DE FILMACIONES DEL ESTADO DE JALISCO,237,"Infraestructura cinematografica, audiovisual y de publicidad","21,500,000.00",2019
PROGRAMABLE,SECRETARIA DE DESARROLLO ECONOMICO,AGENCIA DE ENERGIA DEL ESTADO DE JALISCO,818,Desarrollo y ejecucion de la politica y estrategia energetica del Estado,"9,825,428.54",2019
PROGRAMABLE,SECRETARIA DE TURISMO,SECRETARIA DE TURISMO,253,Conduccion de la Politica Turistica Estatal,"23,669,100.36",2019
PROGRAMABLE,SECRETARIA DE TURISMO,SECRETARIA DE TURISMO,254,Promocion Turistica del Estado de Jalisco,"57,355,251.80",2019
PROGRAMABLE,SECRETARIA DE TURISMO,SECRETARIA DE TURISMO,256,Planeacion y Desarrollo de Producto,"6,213,815.57",2019
PROGRAMABLE,SECRETARIA DE TURISMO,SECRETARIA DE TURISMO,257,Recorridos turisticos,"35,243,196.62",2019
PROGRAMABLE,SECRETARIA DE TURISMO,SECRETARIA DE TURISMO,258,Informacion Estadistica e Investigacion de Mercados,"222,662.50",2019
PROGRAMABLE,SECRETARIA DE TURISMO,SECRETARIA DE TURISMO,261,Soporte Juridico de la Secretaria de Turismo,"13,259,142.38",2019
PROGRAMABLE,SECRETARIA DE TURISMO,SECRETARIA DE TURISMO,262,Promocion y Fomento a la Inversion Turistica Privada,"882,868.98",2019
PROGRAMABLE,SECRETARIA DE TURISMO,SECRETARIA DE TURISMO,267,Apoyo a la operacion turistica regional,"11,747,485.45",2019
PROGRAMABLE,SECRETARIA DE TURISMO,SECRETARIA DE TURISMO,653,Gestion de Inversion Publica en Infraestructura y equipamiento turistico,"41,380,873.56",2019
PROGRAMABLE,SECRETARIA DE TURISMO,SECRETARIA DE TURISMO,659,Capacitacion y Competitividad Turistica,"379,759.76",2019
PROGRAMABLE,SECRETARIA DE AGRICULTURA Y DESARROLLO RURAL,SECRETARIA DE AGRICULTURA Y DESARROLLO RURAL,275,Desarrollo y fomento de Actividades Acuicolas y Pesqueras en el Estado de Jalisco,"652,879,160.52",2019
PROGRAMABLE,SECRETARIA DE AGRICULTURA Y DESARROLLO RURAL,SECRETARIA DE AGRICULTURA Y DESARROLLO RURAL,276,Estimulo y reactivacion de rastros,"516,063.49",2019
PROGRAMABLE,SECRETARIA DE AGRICULTURA Y DESARROLLO RURAL,SECRETARIA DE AGRICULTURA Y DESARROLLO RURAL,279,Programa las Organizaciones Cooperativas para el Bienestar de la Mujer Productiva Rural.,"2,177,000.00",2019
PROGRAMABLE,SECRETARIA DE AGRICULTURA Y DESARROLLO RURAL,SECRETARIA DE AGRICULTURA Y DESARROLLO RURAL,290,"Programa de Apoyo a la Agricultura, seguro por siniestros en actividades agropecuarias","78,218,425.13",2019
PROGRAMABLE,SECRETARIA DE AGRICULTURA Y DESARROLLO RURAL,SECRETARIA DE AGRICULTURA Y DESARROLLO RURAL,292,Fortalecimiento a los Centros de Desarrollo Fruticola CDF y capacitacion a productores hortofruticolas de Jalisco,"29,198,686.00",2019
PROGRAMABLE,SECRETARIA DE AGRICULTURA Y DESARROLLO RURAL,SECRETARIA DE AGRICULTURA Y DESARROLLO RURAL,296,Programa Estatal de Apoyo y Servicios a la Ganaderia y al Sector Lechero,"19,559,973.33",2019
PROGRAMABLE,SECRETARIA DE AGRICULTURA Y DESARROLLO RURAL,SECRETARIA DE AGRICULTURA Y DESARROLLO RURAL,304,Programa de apoyo a la agricultura a traves de insumos estrategicos,"511,766,997.71",2019
PROGRAMABLE,SECRETARIA DE AGRICULTURA Y DESARROLLO RURAL,SECRETARIA DE AGRICULTURA Y DESARROLLO RURAL,305,"Promocion Comercial de Productos Agropecuarios y Acuicolas en Ferias, Expos y Giras Comerciales","5,463,091.25",2019
PROGRAMABLE,SECRETARIA DE AGRICULTURA Y DESARROLLO RURAL,SECRETARIA DE AGRICULTURA Y DESARROLLO RURAL,319,"Programa de planeacion, capacitacion y desarrollo rural sustentable en el Estado de Jalisco","94,583,530.26",2019
PROGRAMABLE,SECRETARIA DE AGRICULTURA Y DESARROLLO RURAL,SECRETARIA DE AGRICULTURA Y DESARROLLO RURAL,320,Administracion y Operacion de Recursos de la Secretaria de Agriultura y Desarrollo Rural,"143,479,462.74",2019
PROGRAMABLE,SECRETARIA DE AGRICULTURA Y DESARROLLO RURAL,FIDEICOMISO ALIANZA PARA EL CAMPO EN EL ESTADO DE JALISCO (FACEJ),200,Construccion de Obras Hidraulicas en el Estado,"25,000,000.00",2019
PROGRAMABLE,SECRETARIA DE AGRICULTURA Y DESARROLLO RURAL,FIDEICOMISO ALIANZA PARA EL CAMPO EN EL ESTADO DE JALISCO (FACEJ),318,Programa de Concurrencia,"74,200,000.00",2019
PROGRAMABLE,SECRETARIA DE AGRICULTURA Y DESARROLLO RURAL,FIDEICOMISO ALIANZA PARA EL CAMPO EN EL ESTADO DE JALISCO (FACEJ),917,Programa de proyectos estrategicos del FACEJ,"90,812,500.00",2019
PROGRAMABLE,SECRETARIA DE MEDIO AMBIENTE Y DESARROLLO TERRITORIAL,SECRETARIA DE MEDIO AMBIENTE Y DESARROLLO TERRITORIAL,321,Gestion Sustentable del Territorio,"69,093,271.00",2019
PROGRAMABLE,SECRETARIA DE MEDIO AMBIENTE Y DESARROLLO TERRITORIAL,SECRETARIA DE MEDIO AMBIENTE Y DESARROLLO TERRITORIAL,326,Ordenamiento Ecologico y Territorial,"20,801,746.00",2019
PROGRAMABLE,SECRETARIA DE MEDIO AMBIENTE Y DESARROLLO TERRITORIAL,SECRETARIA DE MEDIO AMBIENTE Y DESARROLLO TERRITORIAL,327,Desarrollo urbano,"216,000.00",2019
PROGRAMABLE,SECRETARIA DE MEDIO AMBIENTE Y DESARROLLO TERRITORIAL,SECRETARIA DE MEDIO AMBIENTE Y DESARROLLO TERRITORIAL,328,Gestion Ambiental en el Estado de Jalisco,"97,109,836.00",2019
PROGRAMABLE,SECRETARIA DE MEDIO AMBIENTE Y DESARROLLO TERRITORIAL,SECRETARIA DE MEDIO AMBIENTE Y DESARROLLO TERRITORIAL,329,Gobernanza para la sustentabilidad,"45,496,205.12",2019
PROGRAMABLE,SECRETARIA DE MEDIO AMBIENTE Y DESARROLLO TERRITORIAL,SECRETARIA DE MEDIO AMBIENTE Y DESARROLLO TERRITORIAL,330,"Manejo, Conservacion, Restauracion y Proteccion de los ecosistemas del Estado","97,384,893.21",2019
PROGRAMABLE,SECRETARIA DE MEDIO AMBIENTE Y DESARROLLO TERRITORIAL,SECRETARIA DE MEDIO AMBIENTE Y DESARROLLO TERRITORIAL,333,"Transparencia, Eficiencia y Gestion Administrativa en la Secretaria del Medio Ambiente y Desarrollo Territorial","57,285,284.43",2019
PROGRAMABLE,SECRETARIA DE MEDIO AMBIENTE Y DESARROLLO TERRITORIAL,SECRETARIA DE MEDIO AMBIENTE Y DESARROLLO TERRITORIAL,905,Conservacion y Manejo de los Ecosistemas y Biodiversidad del Estado,"30,590,000.00",2019
PROGRAMABLE,SECRETARIA DE MEDIO AMBIENTE Y DESARROLLO TERRITORIAL,SECRETARIA DE MEDIO AMBIENTE Y DESARROLLO TERRITORIAL,745,Desarrollo Urbano Sustentable en el Estado de Jalisco,"1,000,000.00",2019
PROGRAMABLE,SECRETARIA DE MEDIO AMBIENTE Y DESARROLLO TERRITORIAL,ORGANISMO OPERADOR DEL PARQUE DE LA SOLIDARIDAD,332,Atencion a personas que visitan los parques Solidaridad y Montenegro,"28,000,000.00",2019
PROGRAMABLE,SECRETARIA DE MEDIO AMBIENTE Y DESARROLLO TERRITORIAL,PARQUE METROPOLITANO DE GUADALAJARA,331,Administracion y Operacion del Parque Metropolitano de Guadalajara,"17,000,000.00",2019
PROGRAMABLE,SECRETARIA DE MEDIO AMBIENTE Y DESARROLLO TERRITORIAL,OPD BOSQUE LA PRIMAVERA,324,Administracion y Manejo del area de Proteccion de Flora y Fauna La Primavera,"29,503,039.00",2019
PROGRAMABLE,SECRETARIA DE MEDIO AMBIENTE Y DESARROLLO TERRITORIAL,FIDEICOMISO PARA LA ADMINISTRACION DEL PROGRAMA DE DESARROLLO FORESTAL DEL ESTADO DE JALISCO (FIPRODEFO),325,"Programa de Impulso al Desarrollo de los Sectores Agropecuarios, Forestal y Vida Silvestre","15,245,397.44",2019
PROGRAMABLE,SECRETARIA DE MEDIO AMBIENTE Y DESARROLLO TERRITORIAL,PROCURADURIA DE DESARROLLO URBANO,918,Planeacion Urbana para la restitucion de garantias a grupos vulnerables,"514,710.00",2019
PROGRAMABLE,SECRETARIA DE MEDIO AMBIENTE Y DESARROLLO TERRITORIAL,PROCURADURIA DE DESARROLLO URBANO,921,Desarrollo Urbano equitativo y ordenado con enfoque de ciudades y comunidades sostenibles,"21,636,378.00",2019
PROGRAMABLE,SECRETARIA DE MEDIO AMBIENTE Y DESARROLLO TERRITORIAL,PROCURADURIA ESTATAL DE PROTECCION AL AMBIENTE,322,"Normatividad, Seguridad y Justicia Ambiental","66,909,005.00",2019
PROGRAMABLE,SECRETARIA DE MEDIO AMBIENTE Y DESARROLLO TERRITORIAL,FONDO ESTATAL DE PROTECCION AL AMBIENTE DEL ESTADO DE JALISCO,920,Gestion estrategica para el desarrollo sustentable de Jalisco,"83,508,333.00",2019
PROGRAMABLE,SECRETARIA DEL SISTEMA DE ASISTENCIA SOCIAL,SECRETARIA DEL SISTEMA DE ASISTENCIA SOCIAL,335,Estrategias para la Superacion de la Pobreza y Desarrollo Territorial,"199,518,568.18",2019
PROGRAMABLE,SECRETARIA DEL SISTEMA DE ASISTENCIA SOCIAL,SECRETARIA DEL SISTEMA DE ASISTENCIA SOCIAL,337,"Ampliacion de Oportunidades Educativas para Niñas, Niños y Jovenes","506,208,758.00",2019
PROGRAMABLE,SECRETARIA DEL SISTEMA DE ASISTENCIA SOCIAL,SECRETARIA DEL SISTEMA DE ASISTENCIA SOCIAL,342,Bienestar economico y social para los adultos mayores,"132,635,905.04",2019
PROGRAMABLE,SECRETARIA DEL SISTEMA DE ASISTENCIA SOCIAL,SECRETARIA DEL SISTEMA DE ASISTENCIA SOCIAL,346,Coinversion Social,"62,526,343.00",2019
PROGRAMABLE,SECRETARIA DEL SISTEMA DE ASISTENCIA SOCIAL,SECRETARIA DEL SISTEMA DE ASISTENCIA SOCIAL,347,Seguridad Alimentaria,"67,505,415.46",2019
PROGRAMABLE,SECRETARIA DEL SISTEMA DE ASISTENCIA SOCIAL,SECRETARIA DEL SISTEMA DE ASISTENCIA SOCIAL,350,Apoyo de Seguridad Social a personas lesionadas por las explosiones del 22 de abril de 1992 en Guadalajara,"1,503,358.33",2019
PROGRAMABLE,SECRETARIA DEL SISTEMA DE ASISTENCIA SOCIAL,SECRETARIA DEL SISTEMA DE ASISTENCIA SOCIAL,351,Fortalecimiento Institucional para la Operacion de Programas Sociales,"49,298,710.88",2019
PROGRAMABLE,SECRETARIA DEL SISTEMA DE ASISTENCIA SOCIAL,SECRETARIA DEL SISTEMA DE ASISTENCIA SOCIAL,378,Servicios de Asistencia Social a Grupos Vulnerables,"17,000,000.00",2019
PROGRAMABLE,SECRETARIA DEL SISTEMA DE ASISTENCIA SOCIAL,SECRETARIA DEL SISTEMA DE ASISTENCIA SOCIAL,912,Inclusion de Personas con Discapacidad,"171,114,646.64",2019
PROGRAMABLE,SECRETARIA DEL SISTEMA DE ASISTENCIA SOCIAL,SECRETARIA DEL SISTEMA DE ASISTENCIA SOCIAL,913,Apoyo al ingreso del hogar con jefatura femenina,"217,029,592.98",2019
PROGRAMABLE,SECRETARIA DEL SISTEMA DE ASISTENCIA SOCIAL,SISTEMA PARA EL DESARROLLO INTEGRAL DE LA FAMILIA JALISCO (DIF),356,Bienestar de la niñez y sus familias,"111,251,933.72",2019
PROGRAMABLE,SECRETARIA DEL SISTEMA DE ASISTENCIA SOCIAL,SISTEMA PARA EL DESARROLLO INTEGRAL DE LA FAMILIA JALISCO (DIF),357,Bienestar alimentario y desarrollo comunitario,"714,150,358.27",2019
PROGRAMABLE,SECRETARIA DEL SISTEMA DE ASISTENCIA SOCIAL,SISTEMA PARA EL DESARROLLO INTEGRAL DE LA FAMILIA JALISCO (DIF),358,Inclusion para el Bienestar de Grupos Prioritarios,"323,908,900.06",2019
PROGRAMABLE,SECRETARIA DEL SISTEMA DE ASISTENCIA SOCIAL,HOGAR CABANAS,373,"Atencion integral de niñas, niños y adolescentes en situacion de vulnerabilidad","92,948,929.50",2019
PROGRAMABLE,"SECRETARIA DE INNOVACION, CIENCIA Y TECNOLOGIA","SECRETARIA DE INNOVACION, CIENCIA Y TECNOLOGIA",391,Programa de Impulso a la Ciencia y Desarrollo Tecnologico,"9,239,475.00",2019
PROGRAMABLE,"SECRETARIA DE INNOVACION, CIENCIA Y TECNOLOGIA","SECRETARIA DE INNOVACION, CIENCIA Y TECNOLOGIA",392,"Educacion superior con calidad, pertinencia, equidad y flexibilidad","160,005,879.98",2019
PROGRAMABLE,"SECRETARIA DE INNOVACION, CIENCIA Y TECNOLOGIA","SECRETARIA DE INNOVACION, CIENCIA Y TECNOLOGIA",437,"Proyectos de Innovacion, Empresarial y Social","10,618,690.00",2019
PROGRAMABLE,"SECRETARIA DE INNOVACION, CIENCIA Y TECNOLOGIA","SECRETARIA DE INNOVACION, CIENCIA Y TECNOLOGIA",692,"Conduccion de la Politica de Innovacion, Ciencia y Tecnologia.","59,621,206.47",2019
PROGRAMABLE,"SECRETARIA DE INNOVACION, CIENCIA Y TECNOLOGIA",UNIVERSIDAD TECNOLOGICA DE JALISCO,395,Educacion Superior Tecnologica en las Regiones (UTJ),"57,655,390.00",2019
PROGRAMABLE,"SECRETARIA DE INNOVACION, CIENCIA Y TECNOLOGIA",UNIVERSIDAD TECNOLOGICA DE LA ZONA METROPOLITANA DE GUADALAJARA,406,Educacion Superior Tecnologica en las Regiones (UTZMG),"25,243,481.00",2019
PROGRAMABLE,"SECRETARIA DE INNOVACION, CIENCIA Y TECNOLOGIA",UNIVERSIDAD POLIT?CNICA DE LA ZONA METROPOLITANA DE GUADALAJARA,420,Educacion Superior Tecnologica en las Regiones (UPZMG),"14,806,800.00",2019
PROGRAMABLE,"SECRETARIA DE INNOVACION, CIENCIA Y TECNOLOGIA",CONSEJO ESTATAL DE CIENCIA Y TECNOLOGIA DEL ESTADO DE JALISCO,660,"Gestion de Fondos y Programas de Apoyo de Ciencia, Tecnologia e Innovacion","68,899,034.00",2019
PROGRAMABLE,"SECRETARIA DE INNOVACION, CIENCIA Y TECNOLOGIA",CONSEJO ESTATAL DE CIENCIA Y TECNOLOGIA DEL ESTADO DE JALISCO,661,Operacion del Fondo de Ciencia y Tecnologia de Jalisco,"77,925,000.00",2019
PROGRAMABLE,"SECRETARIA DE INNOVACION, CIENCIA Y TECNOLOGIA",FIDEICOMISO CIUDAD CREATIVA DIGITAL,220,Ciudad Creativa Digital,"1,784,000.00",2019
PROGRAMABLE,"SECRETARIA DE INNOVACION, CIENCIA Y TECNOLOGIA",INSTITUTO TECNOLOGICO JOSE MARIO MOLINA PASQUEL Y HENR?QUEZ,401,Educacion Superior Tecnologica en las Regiones,"279,678,058.00",2019
PROGRAMABLE,"SECRETARIA DE INNOVACION, CIENCIA Y TECNOLOGIA",OPD CIUDAD CREATIVA DIGITAL,946,Ciudad Creativa Digital,"47,000,402.55",2019
PROGRAMABLE,SECRETARIA DE CULTURA,SECRETARIA DE CULTURA,447,Programa de Desarrollo Cultural en los Municipios,"51,284,144.90",2019
PROGRAMABLE,SECRETARIA DE CULTURA,SECRETARIA DE CULTURA,453,Programa de Proteccion y Aprovechamiento del Patrimonio Cultural de Jalisco,"60,620,676.00",2019
PROGRAMABLE,SECRETARIA DE CULTURA,SECRETARIA DE CULTURA,464,Programa de Fomento Cultural y Artistico,"48,438,161.40",2019
PROGRAMABLE,SECRETARIA DE CULTURA,SECRETARIA DE CULTURA,662,Fortalecimiento de la cultura cientifica y la apropiacion social de la ciencia (Lunaria),"26,727,000.00",2019
PROGRAMABLE,SECRETARIA DE CULTURA,SECRETARIA DE CULTURA,701,Museo Trompo Magico,"51,936,255.89",2019
PROGRAMABLE,SECRETARIA DE CULTURA,SECRETARIA DE CULTURA,814,Programa para el Desarrollo del Sector Artistico,"20,779,541.00",2019
PROGRAMABLE,SECRETARIA DE CULTURA,SECRETARIA DE CULTURA,816,"Programa para la Planeacion, Difusion, Operacion y Evaluacion de la Politica Cultural.","128,022,108.09",2019
PROGRAMABLE,SECRETARIA DE CULTURA,SECRETARIA DE CULTURA,906,Programa de Fomento a la Lectura,"92,427,086.00",2019
PROGRAMABLE,SECRETARIA DE CULTURA,SECRETARIA DE CULTURA,907,Programa de Formacion Artistica,"572,800.00",2019
PROGRAMABLE,SECRETARIA DE CULTURA,ESCUELA DE CONSERVACION Y RESTAURACION DE OCCIDENTE,795,Educacion Superior en Restauracion de Bienes Muebles (ECRO),"5,398,822.00",2019
PROGRAMABLE,SECRETARIA DE CULTURA,INSTITUTO CULTURAL CABANAS,427,"Programa de conservacion, promocion y difusion del Instituto Cultural Cabañas","25,630,990.56",2019
PROGRAMABLE,SECRETARIA DE CULTURA,SISTEMA JALISCIENSE DE RADIO Y TELEVISION,436,Radio y Television Jalisciense,"56,828,116.00",2019
PROGRAMABLE,SECRETARIA DE CULTURA,FIDEICOMISO ORQUESTA FILARM?NICA DE JALISCO (FOFJ),465,"Programa de Operacion, Promocion y Difusion de la Orquesta Filarmonica de Jalisco","50,876,269.93",2019
PROGRAMABLE,SECRETARIA DE CULTURA,FIDEICOMISO FONDO ESTATAL DE FOMENTO PARA LA CULTURA Y LAS ARTES (FEFCA),445,Programa de Fomento a la Cultura y las Artes en el Estado de Jalisco,"45,262,062.94",2019
PROGRAMABLE,SECRETARIA DE CULTURA,FIDEICOMISO FONDO ESTATAL DE FOMENTO PARA LA CULTURA Y LAS ARTES (FEFCA),448,"Sistema Estatal de Ensambles y Orquestas Comunitarias: ECOS, Musica para el Desarrollo","34,235,142.00",2019
PROGRAMABLE,SECRETARIA DE CULTURA,CONSEJO ESTATAL PARA LA CULTURA Y LAS ARTES,451,Actividades del Consejo Estatal para la Cultura y las Artes,"4,067,570.00",2019
PROGRAMABLE,SECRETARIA DEL TRABAJO Y PREVISION SOCIAL,SECRETARIA DEL TRABAJO Y PREVISION SOCIAL,466,Conduccion de la Secretaria del Trabajo y Prevision Social,"11,407,146.00",2019
PROGRAMABLE,SECRETARIA DEL TRABAJO Y PREVISION SOCIAL,SECRETARIA DEL TRABAJO Y PREVISION SOCIAL,467,Imparticion de Justicia Laboral en el Estado,"148,722,608.00",2019
PROGRAMABLE,SECRETARIA DEL TRABAJO Y PREVISION SOCIAL,SECRETARIA DEL TRABAJO Y PREVISION SOCIAL,468,Procuracion de Justicia Laboral y Conciliacion Laboral Administrativa en el Estado,"27,359,770.00",2019
PROGRAMABLE,SECRETARIA DEL TRABAJO Y PREVISION SOCIAL,SECRETARIA DEL TRABAJO Y PREVISION SOCIAL,469,Programa de Apoyo para el fortalecimiento del Empleo en el Estado,"139,663,448.00",2019
PROGRAMABLE,SECRETARIA DEL TRABAJO Y PREVISION SOCIAL,SECRETARIA DEL TRABAJO Y PREVISION SOCIAL,471,Fomentar el Cumplimiento de la Normatividad Laboral y de Seguridad e Higiene del Estado,"23,659,927.03",2019
PROGRAMABLE,SECRETARIA DEL TRABAJO Y PREVISION SOCIAL,SECRETARIA DEL TRABAJO Y PREVISION SOCIAL,639,Administracion de recursos de la Secretaria del Trabajo y Prevision Social,"86,952,291.81",2019
PROGRAMABLE,SECRETARIA DEL TRANSPORTE,SECRETARIA DEL TRANSPORTE,472,Resolucion de procedimientos juridicos en materia de movilidad en el Estado.,"56,046,761.77",2019
PROGRAMABLE,SECRETARIA DEL TRANSPORTE,SECRETARIA DEL TRANSPORTE,475,"Informacion Ciudadana y Administracion Eficiente y Eficaz de los Recursos Humanos, Materiales y Financieros de la Secretaria del Transporte","219,961,841.88",2019
PROGRAMABLE,SECRETARIA DEL TRANSPORTE,SECRETARIA DEL TRANSPORTE,477,Operacion y mejoramiento de los dispositivos de control de trafico.,"133,106,706.34",2019
PROGRAMABLE,SECRETARIA DEL TRANSPORTE,SECRETARIA DEL TRANSPORTE,479,Autorizacion en la aplicacion de los lineamientos tecnicos para modificacion de la infraestructura vial.,"25,817,261.50",2019
PROGRAMABLE,SECRETARIA DEL TRANSPORTE,SECRETARIA DEL TRANSPORTE,480,Concesiones y Reordenamiento de rutas del Servicio de Transporte Publico en sus diferentes modalidades,"73,963,675.71",2019
PROGRAMABLE,SECRETARIA DEL TRANSPORTE,SECRETARIA DEL TRANSPORTE,481,Profesionalizacion de los servidores publicos; sistematizacion y mejoramiento de los procesos.,"12,029,458.00",2019
PROGRAMABLE,SECRETARIA DEL TRANSPORTE,SECRETARIA DEL TRANSPORTE,484,Operacion de la vigilancia vial.,"628,863,055.58",2019
PROGRAMABLE,SECRETARIA DEL TRANSPORTE,SECRETARIA DEL TRANSPORTE,485,Promocion de la cultura vial y servicios de movilidad.,"78,431,291.79",2019
PROGRAMABLE,SECRETARIA DEL TRANSPORTE,SECRETARIA DEL TRANSPORTE,486,Programa de Emision de Licencias de Conducir,"70,806,916.60",2019
PROGRAMABLE,SECRETARIA DEL TRANSPORTE,SECRETARIA DEL TRANSPORTE,487,Operativo Salvando Vidas,"11,811,054.00",2019
PROGRAMABLE,SECRETARIA DEL TRANSPORTE,SISTEMA DE TREN EL?CTRICO URBANO (SITEUR),488,Sistema de Tren Electrico Urbano.,"98,252,779.84",2019
PROGRAMABLE,SECRETARIA DEL TRANSPORTE,SECRETARIA DEL TRANSPORTE (REGISTRO ESTATAL DE LOS SERVICIOS PUBLICOS DE TRANSITO Y TRANSPORTE),483,Administracion del registro y manejo de la informacion de los actos y actores de movilidad.,"193,922.50",2019
PROGRAMABLE,SECRETARIA DEL TRANSPORTE,FIDEICOMISO DE ADMINISTRACION PARA LA MEJORA DE LA SEGURIDAD VIAL,924,Programa de mejora de la Seguridad Vial,"200,000,000.00",2019
PROGRAMABLE,FISCALIA ESTATAL,FISCALIA ESTATAL,502,Fortalecimiento Institucional de la Fiscalia Estatal,"417,864,305.73",2019
PROGRAMABLE,FISCALIA ESTATAL,FISCALIA ESTATAL,508,Fortalecimiento del Sistema Legal Aplicable a la Fiscalia Estatal,"37,035,359.01",2019
PROGRAMABLE,FISCALIA ESTATAL,FISCALIA ESTATAL,511,"Atencion a denuncias, quejas, evaluaciones de eficacia y calidad en actuar de servidores y elementos.","34,137,472.29",2019
PROGRAMABLE,FISCALIA ESTATAL,FISCALIA ESTATAL,520,Representacion Juridica en la Seguridad Publica y la Procuracion de Justicia,"502,322,194.07",2019
PROGRAMABLE,FISCALIA ESTATAL,FISCALIA ESTATAL,545,Atencion Integral a Victimas del Delito,"24,947,157.97",2019
PROGRAMABLE,FISCALIA ESTATAL,FISCALIA ESTATAL,550,"Estrategias de Inteligencia para la investigacion, la Prevencion, Persecucion y Sancion de los Delitos","226,930,943.44",2019
PROGRAMABLE,FISCALIA ESTATAL,FISCALIA ESTATAL,551,Justicia Restaurativa en favor de la Victima,"4,025,239.00",2019
PROGRAMABLE,FISCALIA ESTATAL,FISCALIA ESTATAL,558,"Fortalecimiento para la Procuracion de Justicia, Humanitaria, Pronta, Expedita con Estricto Apego a la Ley","208,171,473.94",2019
PROGRAMABLE,FISCALIA ESTATAL,FISCALIA ESTATAL,559,Coordinacion y Gestion del Despacho del Fiscal Regional,"15,563,492.10",2019
PROGRAMABLE,FISCALIA ESTATAL,FISCALIA ESTATAL,560,Procuracion de Justicia Pronta y Expedita,"182,519,157.46",2019
PROGRAMABLE,FISCALIA ESTATAL,FISCALIA ESTATAL,565,Carpetas de Investigacion que se Judicializan en beneficio de la Sociedad,"186,599,313.08",2019
PROGRAMABLE,FISCALIA ESTATAL,FISCALIA ESTATAL,571,"Atencion, Captacion y Medidas de Proteccion a Victimas del Delito","251,753,786.38",2019
PROGRAMABLE,FISCALIA ESTATAL,FISCALIA ESTATAL,576,Control de procesos del Sistema Tradicional,"2,895,577.96",2019
PROGRAMABLE,FISCALIA ESTATAL,FISCALIA ESTATAL,588,Investigar y Perseguir los Delitos Electorales de Orden Estatal,"7,997,025.00",2019
PROGRAMABLE,FISCALIA ESTATAL,CENTRO DE JUSTICIA PARA LAS MUJERES,497,"Atencion integral especializada a mujeres victimas de violencia familiar, sexual o por razones de genero, asi como a sus hijas e hijos","42,492,137.18",2019
PROGRAMABLE,FISCALIA ESTATAL,FISCALIA ESPECIALIZADA EN COMBATE A LA CORRUPCION,925,Prevencion e Investigacion y Combate a la Corrupcion,"63,584,465.80",2019
PROGRAMABLE,FISCALIA ESTATAL,FISCALIA ESPECIALIZADA EN B?SQUEDA DE PERSONAS DESAPERECIDAS,922,Busqueda y Localizacion de Personas Desaparecidas,"40,000,000.00",2019
PROGRAMABLE,PROCURADURIA SOCIAL,PROCURADURIA SOCIAL,591,Apoyo juridico gratuito y de calidad para la tranquilidad juridica de los jaliscienses.,"15,903,632.89",2019
PROGRAMABLE,PROCURADURIA SOCIAL,PROCURADURIA SOCIAL,592,Defensa humana y eficiente a todos los Jaliscienses,"38,868,988.23",2019
PROGRAMABLE,PROCURADURIA SOCIAL,PROCURADURIA SOCIAL,593,Gobierno efectivo y eficiente,"65,124,137.14",2019
PROGRAMABLE,PROCURADURIA SOCIAL,PROCURADURIA SOCIAL,594,Observancia de la legalidad y el respeto de los derechos fundamentales de la ciudadania.,"9,954,034.98",2019
PROGRAMABLE,PROCURADURIA SOCIAL,PROCURADURIA SOCIAL,595,Vigilancia y cumplimiento de los derechos patrimoniales y personales de los Jaliscienses.,"258,858.76",2019
PROGRAMABLE,CONTRALORIA DEL ESTADO,CONTRALORIA DEL ESTADO,597,Fortalecimiento Administrativo y de Recursos Humanos de la Contraloria,"24,754,868.66",2019
PROGRAMABLE,CONTRALORIA DEL ESTADO,CONTRALORIA DEL ESTADO,598,Realizacion de Auditorias a los Organismos Publicos Descentralizados y Fideicomisos,"13,807,940.00",2019
PROGRAMABLE,CONTRALORIA DEL ESTADO,CONTRALORIA DEL ESTADO,599,Despacho del Contralor,"7,212,854.00",2019
PROGRAMABLE,CONTRALORIA DEL ESTADO,CONTRALORIA DEL ESTADO,600,"Realizacion de Auditorias a Dependencias, OPD´s Sector Salud y Entidades Desconcentradas del Ejecutivo","18,102,197.00",2019
PROGRAMABLE,CONTRALORIA DEL ESTADO,CONTRALORIA DEL ESTADO,601,Verificacion de Obra Publica del Estado,"21,826,435.00",2019
PROGRAMABLE,CONTRALORIA DEL ESTADO,CONTRALORIA DEL ESTADO,602,Programa para el fortalecimiento del Sistema Estatal Anticorrupcion.,"12,977,440.00",2019
PROGRAMABLE,CONTRALORIA DEL ESTADO,CONTRALORIA DEL ESTADO,603,"Control Preventivo, Transparencia y Fiscalizacion de los Recursos Publicos","8,923,081.00",2019
PROGRAMABLE,CONTRALORIA DEL ESTADO,CONTRALORIA DEL ESTADO,923,Prevencion y Sancion de las Practicas de Corrupcion,"6,279,089.00",2019
PROGRAMABLE,UNIDADES ADMINISTRATIVAS DE APOYO,UNIDADES ADMINISTRATIVAS DE APOYO,908,"Programa de Apoyo Logistico, Tecnico, de Evaluacion y Difusion de las actividades del C. Gobernador y la Proyeccion del Estado de Jalisco.","224,969,215.47",2019
PROGRAMABLE,UNIDADES ADMINISTRATIVAS DE APOYO,UNIDADES ADMINISTRATIVAS DE APOYO,911,Atencion de Agenda y Coordinacion de Actividades del C. Gobernador del Estado de Jalisco,"169,173,488.99",2019
PROGRAMABLE,TRIBUNAL DE ARBITRAJE Y ESCALAF?N,TRIBUNAL DE ARBITRAJE Y ESCALAF?N,615,Administracion Transparente y eficiente del Tribunal de Arbitraje y Escalafon del Estado de Jalisco.,"19,511,696.04",2019
PROGRAMABLE,TRIBUNAL DE ARBITRAJE Y ESCALAF?N,TRIBUNAL DE ARBITRAJE Y ESCALAF?N,642,Imparticion de Justicia Laboral para Servidores Publicos y Entidades Publicas del Estado y Municipios,"43,008,783.74",2019
PROGRAMABLE,PODER LEGISLATIVO DEL ESTADO DE JALISCO,PODER LEGISLATIVO DEL ESTADO DE JALISCO,690,Poder Legislativo,"699,900,000.00",2019
PROGRAMABLE,PODER LEGISLATIVO DEL ESTADO DE JALISCO,AUDITORIA SUPERIOR DEL ESTADO,691,Auditoria Superior del Estado,"297,160,129.00",2019
PROGRAMABLE,PODER JUDICIAL,SUPREMO TRIBUNAL DE JUSTICIA,664,Proyectos prioritarios del Supremo Tribunal de Justicia,"459,135,760.00",2019
PROGRAMABLE,PODER JUDICIAL,INSTITUTO DE JUSTICIA ALTERNATIVA,619,Instituto de Justicia Alternativa,"90,421,930.00",2019
PROGRAMABLE,PODER JUDICIAL,CONSEJO DE LA JUDICATURA,621,Consejo de la Judicatura,"1,158,959,733.00",2019
PROGRAMABLE,COMISION ESTATAL DE DERECHOS HUMANOS DE JALISCO,COMISION ESTATAL DE DERECHOS HUMANOS DE JALISCO,624,Gobernanza de los Derechos Humanos,"44,801,246.90",2019
PROGRAMABLE,COMISION ESTATAL DE DERECHOS HUMANOS DE JALISCO,COMISION ESTATAL DE DERECHOS HUMANOS DE JALISCO,625,Cultura de los Derechos Humanos,"19,932,745.32",2019
PROGRAMABLE,COMISION ESTATAL DE DERECHOS HUMANOS DE JALISCO,COMISION ESTATAL DE DERECHOS HUMANOS DE JALISCO,626,Defensa de los Derechos Humanos,"83,829,860.30",2019
PROGRAMABLE,INSTITUTO ELECTORAL Y DE PARTICIPACION CIUDADANA,INSTITUTO ELECTORAL Y DE PARTICIPACION CIUDADANA,632,Administracion de Recursos IEPC,"68,863,418.90",2019
PROGRAMABLE,INSTITUTO ELECTORAL Y DE PARTICIPACION CIUDADANA,INSTITUTO ELECTORAL Y DE PARTICIPACION CIUDADANA,633,Prerrogativas a Partidos Politicos IEPC,"99,646,372.57",2019
PROGRAMABLE,INSTITUTO ELECTORAL Y DE PARTICIPACION CIUDADANA,INSTITUTO ELECTORAL Y DE PARTICIPACION CIUDADANA,803,Mecanismos de Participacion Social,"2,167,500.00",2019
PROGRAMABLE,"INSTITUTO DE TRANSPARENCIA, INFORMACION PUBLICA Y PROTECCION DE DATOS PERSONALES DEL ESTADO DE JALISCO","INSTITUTO DE TRANSPARENCIA, INFORMACION PUBLICA Y PROTECCION DE DATOS PERSONALES DEL ESTADO DE JALISCO",627,"Promocion de la cultura de la transparencia, rendicion de cuentas y participacion ciudadana.","8,499,848.41",2019
PROGRAMABLE,"INSTITUTO DE TRANSPARENCIA, INFORMACION PUBLICA Y PROTECCION DE DATOS PERSONALES DEL ESTADO DE JALISCO","INSTITUTO DE TRANSPARENCIA, INFORMACION PUBLICA Y PROTECCION DE DATOS PERSONALES DEL ESTADO DE JALISCO",628,Apoyo a la funcion publica y desempeño organizacional ,"3,380,140.90",2019
PROGRAMABLE,"INSTITUTO DE TRANSPARENCIA, INFORMACION PUBLICA Y PROTECCION DE DATOS PERSONALES DEL ESTADO DE JALISCO","INSTITUTO DE TRANSPARENCIA, INFORMACION PUBLICA Y PROTECCION DE DATOS PERSONALES DEL ESTADO DE JALISCO",629,Garantizar el derecho de acceso a la informacion publica y la proteccion de datos personales,"24,240,962.63",2019
PROGRAMABLE,"INSTITUTO DE TRANSPARENCIA, INFORMACION PUBLICA Y PROTECCION DE DATOS PERSONALES DEL ESTADO DE JALISCO","INSTITUTO DE TRANSPARENCIA, INFORMACION PUBLICA Y PROTECCION DE DATOS PERSONALES DEL ESTADO DE JALISCO",640,"Planeacion, proyectos y gestion administrativa","20,152,977.22",2019
PROGRAMABLE,UNIVERSIDAD DE GUADALAJARA,UNIVERSIDAD DE GUADALAJARA,689,Universidad de Guadalajara,"12,043,081,501.00",2019
PROGRAMABLE,TRIBUNAL ELECTORAL DEL ESTADO DE JALISCO,TRIBUNAL ELECTORAL DEL ESTADO DE JALISCO,617,Imparticion de justicia electoral a la ciudadania e investigacion y capacitacion en la materia,"37,330,043.80",2019
PROGRAMABLE,TRIBUNAL DE JUSTICIA ADMINISTRATIVA DEL ESTADO DE JALISCO,TRIBUNAL DE JUSTICIA ADMINISTRATIVA DEL ESTADO DE JALISCO,620,Tribunal de Justicia Administrativa del Estado de Jalisco,"123,995,727.40",2019
PROGRAMABLE,SECRETARIA EJECUTIVA DEL SISTEMA ESTATAL ANTI-CORRUPCION,SECRETARIA EJECUTIVA DEL SISTEMA ESTATAL ANTI-CORRUPCION,926,Programa para el fortalecimiento del Sistema Estatal Anticorrupcion.,"50,178,924.00",2019
PROGRAMABLE,SECRETARIA DE ADMINISTRACION,SECRETARIA DE ADMINISTRACION,62,Actos juridicos apegados a la legalidad,"169,008,680.00",2019
PROGRAMABLE,SECRETARIA DE ADMINISTRACION,SECRETARIA DE ADMINISTRACION,63,"Programa de Ejecucion de la Politica de Administracion, Manejo de los Recursos Materiales, Prestacion de Servicios Generales y Desarrollo de los Recursos Humanos del Poder Ejecutivo","87,101,357.76",2019
PROGRAMABLE,SECRETARIA DE ADMINISTRACION,SECRETARIA DE ADMINISTRACION,70,Abastecimientos de Bienes y Servicios a las Dependencias del Ejecutivo y Organismos,"319,090,720.01",2019
PROGRAMABLE,SECRETARIA DE ADMINISTRACION,SECRETARIA DE ADMINISTRACION,91,Programa de Fortalecimiento de la Administracion de Servicios Generales y Bienes Patrimoniales del Poder Ejecutivo,"43,921,232.60",2019
PROGRAMABLE,SECRETARIA DE ADMINISTRACION,SECRETARIA DE ADMINISTRACION,92,Conservacion y Racionalizacion de espacios a Inmuebles e instalaciones fijas de los Edificios de Gobierno del Estado del Poder Ejecutivo,"44,408,037.87",2019
PROGRAMABLE,SECRETARIA DE ADMINISTRACION,SECRETARIA DE ADMINISTRACION,97,Profesionalizacion de los Servidores Publicos del Poder Ejecutivo y Programa de Ahorro de Recursos,"10,096,465.00",2019
PROGRAMABLE,SECRETARIA DE ADMINISTRACION,SECRETARIA DE ADMINISTRACION,98,Armonizacion de la politica salarial con las nuevas normativas,"14,159,710.00",2019
PROGRAMABLE,SECRETARIA DE ADMINISTRACION,SECRETARIA DE ADMINISTRACION,99,Administracion y desarrollo de personal,"6,661,699.00",2019
PROGRAMABLE,SECRETARIA DE ADMINISTRACION,SECRETARIA DE ADMINISTRACION,929,Innovacion y Tecnologias de Informacion y Telecomunicaciones,"209,289,616.24",2019
PROGRAMABLE,SECRETARIA DE ADMINISTRACION,SECRETARIA DE ADMINISTRACION,930,Vinculacion con Organismos Publicos Descentralizados del Poder Ejecutivo,"30,621,143.04",2019
PROGRAMABLE,SECRETARIA DE ADMINISTRACION,SECRETARIA DE ADMINISTRACION,944,Atencion de asuntos juridicos fiscales,"4,222,449.00",2019
PROGRAMABLE,SECRETARIA DE PLANEACION Y PARTICIPACION CIUDADANA,SECRETARIA DE PLANEACION Y PARTICIPACION CIUDADANA,72,"Planeacion, monitoreo y evaluacion de politicas publicas","605,498,138.39",2019
PROGRAMABLE,SECRETARIA DE PLANEACION Y PARTICIPACION CIUDADANA,SECRETARIA DE PLANEACION Y PARTICIPACION CIUDADANA,932,Coinversion Social,"1,113,642.83",2019
PROGRAMABLE,SECRETARIA DE SEGURIDAD,SECRETARIA DE SEGURIDAD,46,Centro de prevencion social,"8,615,190.58",2019
PROGRAMABLE,SECRETARIA DE SEGURIDAD,SECRETARIA DE SEGURIDAD,495,Productos Inteligentes Terminados,"104,441,382.79",2019
PROGRAMABLE,SECRETARIA DE SEGURIDAD,SECRETARIA DE SEGURIDAD,501,Difusion de Logros y Resultados de la Secretaria de Seguridad,"491,967,967.81",2019
PROGRAMABLE,SECRETARIA DE SEGURIDAD,SECRETARIA DE SEGURIDAD,509,Informacion Estrategica para la Toma de Decisiones de la Secretaria de Seguridad,"56,819,332.97",2019
PROGRAMABLE,SECRETARIA DE SEGURIDAD,SECRETARIA DE SEGURIDAD,530,"Mecanismos y Coordinacion para la Seguridad, el Orden y la Paz Publica en el Estado","1,663,907,561.81",2019
PROGRAMABLE,SECRETARIA DE SEGURIDAD,SECRETARIA DE SEGURIDAD,531,Reinsercion de los Adultos y Adolescentes a la Sociedad,"419,682,826.57",2019
PROGRAMABLE,SECRETARIA DE SEGURIDAD,SECRETARIA DE SEGURIDAD,532,Centros Penitenciarios Mayores,"391,687,394.13",2019
PROGRAMABLE,SECRETARIA DE SEGURIDAD,SECRETARIA DE SEGURIDAD,534,Centros con Capacidad Media y CEINJURES,"374,857,004.28",2019
PROGRAMABLE,SECRETARIA DE SEGURIDAD,SECRETARIA DE SEGURIDAD,535,Atencion Integral Para Adolescentes y Adultos Jovenes en Conflicto con la Ley,"175,817,888.18",2019
PROGRAMABLE,SECRETARIA DE SEGURIDAD,SECRETARIA DE SEGURIDAD,536,Atencion Integral a Preliberados y Liberados,"36,717,671.90",2019
PROGRAMABLE,SECRETARIA DE SEGURIDAD,SECRETARIA DE SEGURIDAD,537,Custodia y Vigilancia Penitenciaria,"114,029,387.49",2019
PROGRAMABLE,SECRETARIA DE SEGURIDAD,SECRETARIA DE SEGURIDAD,736,Gestion de los recursos federales del Secretariado Ejecutivo del Consejo Estatal de Seguridad Publica,"98,578,867.96",2019
PROGRAMABLE,SECRETARIA DE SEGURIDAD,SECRETARIA DE SEGURIDAD,746,Centro Estatal de evaluacion y Control de Confianza,"18,779,133.00",2019
PROGRAMABLE,SECRETARIA DE SEGURIDAD,INDUSTRIA JALISCIENSE DE REHABILITACION SOCIAL,579,Capacitacion y talleres en Centros de Readaptacion Social del Estado de Jalisco,"6,432,660.00",2019
PROGRAMABLE,SECRETARIA DE SEGURIDAD,FIDEICOMISO PARA MANDO UNICO,735,Apoyo en las tareas y actividades de seguridad publica en el Estado de Jalisco,"380,766,349.00",2019
PROGRAMABLE,SECRETARIA DE SEGURIDAD,"CENTRO DE COORDINACION, COMANDO, CONTROL, COMUNICACIONES Y COMPUTO DEL ESTADO DE JALISCO (C5)",927,"C5 Inteligencia, Videovigilancia y Participacion Ciudadana","270,052,551.56",2019
PROGRAMABLE,SECRETARIA DE GESTION INTEGRAL DEL AGUA,SECRETARIA DE GESTION INTEGRAL DEL AGUA,945,Gestion integral de los recursos hidricos,"6,904,416.13",2019
PROGRAMABLE,SECRETARIA DE GESTION INTEGRAL DEL AGUA,COMISION ESTATAL DEL AGUA DE JALISCO (CEA),203,Gestion integral de los recursos hidricos,"1,603,847,510.00",2019
PROGRAMABLE,SECRETARIA DE IGUALDAD SUSTANTIVA,SECRETARIA DE IGUALDAD SUSTANTIVA,931,Bienestar economico y social para los adultos mayores,"31,054,891.53",2019
PROGRAMABLE,SECRETARIA DE IGUALDAD SUSTANTIVA,SECRETARIA DE IGUALDAD SUSTANTIVA,940,Inclusion de Personas con Discapacidad,"196,248.90",2019
PROGRAMABLE,SECRETARIA DE IGUALDAD SUSTANTIVA,SECRETARIA DE IGUALDAD SUSTANTIVA,941,Apoyo al ingreso del hogar con jefatura femenina,"941,073.28",2019
PROGRAMABLE,SECRETARIA DE IGUALDAD SUSTANTIVA,SECRETARIA DE IGUALDAD SUSTANTIVA,942,"Ampliacion de Oportunidades Educativas para Niñas, Niños y Jovenes","173,877,522.42",2019
PROGRAMABLE,SECRETARIA DE IGUALDAD SUSTANTIVA,SECRETARIA DE IGUALDAD SUSTANTIVA,948,Fortalecimiento Institucional en temas de igualdad y perspectiva de genero,"21,060,794.00",2019
PROGRAMABLE,SECRETARIA DE IGUALDAD SUSTANTIVA,INSTITUTO JALISCIENSE DE LAS MUJERES,676,Programa para la igualdad entre mujeres y hombres,"6,133,750.00",2019
PROGRAMABLE,SECRETARIA DE IGUALDAD SUSTANTIVA,INSTITUTO JALISCIENSE DE LAS MUJERES,677,Programa para Incorporar la Transversalidad de la Perspectiva de Genero en el Sector Publico,"4,362,875.00",2019
PROGRAMABLE,SECRETARIA DE IGUALDAD SUSTANTIVA,INSTITUTO JALISCIENSE DE LAS MUJERES,678,Prevencion y Atencion de la Violencia contra las Mujeres,"18,383,152.00",2019
PROGRAMABLE,SECRETARIA DE IGUALDAD SUSTANTIVA,INSTITUTO JALISCIENSE DE LAS MUJERES,679,Fortalecimiento Institucional en temas de igualdad y perspectiva de genero,"7,113,115.00",2019
PROGRAMABLE,SECRETARIA DE IGUALDAD SUSTANTIVA,COMISION ESTATAL INDIGENA,382,Desarrollo Integral de los Pueblos Indigenas,"5,683,501.41",2019
PROGRAMABLE,SECRETARIA DE IGUALDAD SUSTANTIVA,FIDEICOMISO ATENCION A JALISCIENSES EN EL EXTRANJERO,362,Atencion a Jaliscienses en el Extranjero,"4,500,000.00",2019
PROGRAMABLE,SECRETARIA DE IGUALDAD SUSTANTIVA,CONSEJO ESTATAL PARA LA ATENCION E INCLUSI?N DE PERSONAS CON DISCAPACIDAD,345,Desarrollo e Inclusion de Personas con Discapacidad,"7,861,633.12",2019
PROGRAMABLE,SECRETARIA DE IGUALDAD SUSTANTIVA,INSTITUTO JALISCIENSE PARA LOS MIGRANTES,360,Atencion para el Desarrollo de Migrantes,"1,636,993.43",2019
PROGRAMABLE,JEFATURA DE GABINETE,JEFATURA DE GABINETE,947,Atencion de Agenda y Coordinacion de Actividades del C. Gobernador del Estado de Jalisco,"138,864,838.00",2019
PROGRAMABLE,JEFATURA DE GABINETE,AGENCIA DE PROYECTOS ESTRAT?GICOS,936,Atencion de Agenda y Coordinacion de Actividades del C. Gobernador del Estado de Jalisco,"19,467,192.00",2019
PROGRAMABLE,CONSEJERIA JURIDICA DEL PODER EJECUTIVO DEL ESTADO,CONSEJERIA JURIDICA DEL PODER EJECUTIVO DEL ESTADO,24,Atencion y Seguimiento de los Asuntos Juridicos del Gobierno del Estado,"25,378,824.00",2019
PROGRAMABLE,COORDINACION GENERAL ESTRATEGICA DE SEGURIDAD,COORDINACION GENERAL ESTRATEGICA DE SEGURIDAD,589,Desarrollo de Ejercicios Consultivos de Procuracion de Justicia,"1,274,128.12",2019
PROGRAMABLE,COORDINACION GENERAL ESTRATEGICA DE SEGURIDAD,COORDINACION GENERAL ESTRATEGICA DE SEGURIDAD,937,Atencion de Agenda y Coordinacion de Actividades del C. Gobernador del Estado de Jalisco,"49,711,004.00",2019
PROGRAMABLE,COORDINACION GENERAL ESTRATEGICA DE SEGURIDAD,INSTITUTO JALISCIENSE DE CIENCIAS FORENSES,577,Ciencia Aplicada a la Dictaminacion para la Procuracion de Justicia,"208,806,544.75",2019
PROGRAMABLE,COORDINACION GENERAL ESTRATEGICA DE DESARROLLO SOCIAL,COORDINACION GENERAL ESTRATEGICA DE DESARROLLO SOCIAL,933,Fortalecimiento Institucional para la Operacion de Programas Sociales,"24,380,213.00",2019
PROGRAMABLE,COORDINACION GENERAL ESTRATEGICA DE DESARROLLO SOCIAL,CONSEJO ESTATAL PARA EL FOMENTO DEPORTIVO (CODE JALISCO),105,"Gestion Institucional del CODE para el aprovechamiento de los espacios publicos, deportivos y de recreacion","4,679,268.00",2019
PROGRAMABLE,COORDINACION GENERAL ESTRATEGICA DE DESARROLLO SOCIAL,CONSEJO ESTATAL PARA EL FOMENTO DEPORTIVO (CODE JALISCO),106,Actividad Fisica y Bienestar para todos,"24,499,754.00",2019
PROGRAMABLE,COORDINACION GENERAL ESTRATEGICA DE DESARROLLO SOCIAL,CONSEJO ESTATAL PARA EL FOMENTO DEPORTIVO (CODE JALISCO),107,Deporte de alto rendimiento en todas sus manifestaciones y expresiones,"53,640,411.00",2019
PROGRAMABLE,COORDINACION GENERAL ESTRATEGICA DE DESARROLLO SOCIAL,CONSEJO ESTATAL PARA EL FOMENTO DEPORTIVO (CODE JALISCO),108,Gestion Administrativa y Operativa del CODE,"255,091,567.00",2019
PROGRAMABLE,COORDINACION GENERAL ESTRATEGICA DE CRECIMIENTO Y DESARROLLO ECONOMICO,COORDINACION GENERAL ESTRATEGICA DE CRECIMIENTO Y DESARROLLO SOCIAL,938,Atencion de Agenda y Coordinacion de Actividades del C. Gobernador del Estado de Jalisco,"11,638,333.69",2019
PROGRAMABLE,COORDINACION GENERAL ESTRATEGICA DE GESTION DEL TERRITORIO,COORDINACION GENERAL ESTRATEGICA DE GESTION DEL TERRITORIO,939,Atencion de Agenda y Coordinacion de Actividades del C. Gobernador del Estado de Jalisco,"18,606,033.00",2019
PROGRAMABLE,UNIDAD DE ENLACE FEDERAL Y ASUNTOS INTERNACIONALES,UNIDAD DE ENLACE FEDERAL Y ASUNTOS INTERNACIONALES,935,"Programa de Apoyo Logistico, Tecnico, de Evaluacion y Difusion de las actividades del C. Gobernador y la Proyeccion del Estado de Jalisco.","11,237,718.00",2019
PROGRAMABLE,UNIDAD DE ENLACE FEDERAL Y ASUNTOS INTERNACIONALES,UNIDAD DE ENLACE FEDERAL Y ASUNTOS INTERNACIONALES,943,Atencion de Agenda y Coordinacion de Actividades del C. Gobernador del Estado de Jalisco,"9,644,696.90",2019
NO PROGRAMABLE,SECRETARIA DE LA HACIENDA PUBLICA,SECRETARIA DE LA HACIENDA PUBLICA,89,Coordinacion del Proceso Presupuestario y Administracion de los Recursos Materiales y Desarrollo de los Recursos Humanos,"33,400,000.00",2019
NO PROGRAMABLE,DEUDA PUBLICA,DEUDA PUBLICA,696,Deuda Publica del Gobierno del Estado de Jalisco,"2,701,606,969.73",2019
NO PROGRAMABLE,PARTICIPACIONES,PARTICIPACIONES,695,Participaciones a Municipios del Estado de Jalisco,"17,074,499,416.15",2019
NO PROGRAMABLE,"APORTACIONES, TRANSFERENCIAS Y SUBSIDIOS A MUNICIPIOS","APORTACIONES, TRANSFERENCIAS Y SUBSIDIOS A MUNICIPIOS",726,Subsidios Federales para la Seguridad Publica (FORTASEG),"289,263,315.00",2019
NO PROGRAMABLE,"APORTACIONES, TRANSFERENCIAS Y SUBSIDIOS A MUNICIPIOS","APORTACIONES, TRANSFERENCIAS Y SUBSIDIOS A MUNICIPIOS",727,Fondo de Aportaciones para el Fortalecimiento de los Municipios (FORTAMUN),"5,032,833,237.00",2019
NO PROGRAMABLE,"APORTACIONES, TRANSFERENCIAS Y SUBSIDIOS A MUNICIPIOS","APORTACIONES, TRANSFERENCIAS Y SUBSIDIOS A MUNICIPIOS",728,Fondo de Aportaciones para la Infraestructura Social Municipal (FAISM),"1,513,373,677.00",2019
