,Gobierno del Estado de Jalisco,,,,,,,,,,
,Presupuesto de egresos para el ejercicio fiscal 2019,,,,,,,,,,
,Por Programa Presupuestario y Capítulo de Gasto,,,,,,,,,,
PP,Programa Presupuestario,Servicios Personales,Materiales y Suministros,Servicios Generales,"Transferencias, Asignaciones, Subsidios y Otras Ayudas","Bienes Muebles, Inmuebles e Intangibles",Inversión Pública,Inversiones Financieras y Otras Provisiones,Participaciones y Aportaciones,Deuda Pública,Total General
010,"Gobierno digital en línea, innovación y crecimiento en cobertura de servicios",0.00,"323,550.00","472,000.00",0.00,"73,500.00",0.00,0.00,0.00,0.00,"869,050.00"
015,Modernización del Registro Civil,0.00,"126,773.00","907,000.00",0.00,"149,000.00",0.00,"3,000,000.00",0.00,0.00,"4,182,773.00"
019,"Asesoría técnica de recursos financieros, humanos, informáticos, servicios generales , publicaciones oficiales y productos gráficos","51,688,851.00","9,356,811.99","44,955,223.17","20,800.00","1,572,650.00",0.00,0.00,0.00,0.00,"107,594,336.16"
024,Atención y Seguimiento de los Asuntos Jurídicos del Gobierno del Estado,"21,235,654.00","535,925.00","1,018,245.00",0.00,"89,000.00",0.00,"2,500,000.00",0.00,0.00,"25,378,824.00"
026,Atención a los Asuntos y Conflictos Agrarios en el Estado de Jalisco,"10,857,251.00","334,374.00","1,090,099.50",0.00,"282,000.00",0.00,0.00,0.00,0.00,"12,563,724.50"
027,Agenda para el Desarrollo Municipal,0.00,"225,000.00","1,845,000.00",0.00,0.00,0.00,0.00,0.00,0.00,"2,070,000.00"
036,Certificación de documentos e Instrumentos públicos dando certeza y seguridad jurídica a los ciudadanos,0.00,"437,008.00","4,135,000.00",0.00,"170,500.00",0.00,0.00,0.00,0.00,"4,742,508.00"
045,Actos registrales y mercantiles,0.00,"456,050.00","350,856.00",0.00,0.00,0.00,0.00,0.00,0.00,"806,906.00"
046,Centro de prevención social,0.00,"1,845,463.91","4,758,187.43",0.00,"2,011,539.24",0.00,0.00,0.00,0.00,"8,615,190.58"
054,Fortalecimiento de la Hacienda Pública Estatal,"19,312,093.00","207,691,899.70","2,384,345.00",0.00,0.00,0.00,0.00,0.00,0.00,"229,388,337.70"
056,Atención al contribuyente en Oficinas Recaudadoras y medios alternos de pago,"202,595,922.00","423,031.40","58,007,056.00",0.00,0.00,0.00,0.00,0.00,0.00,"261,026,009.40"
057,Cobro coactivo de créditos fiscales,"21,084,602.00","18,814.00","184,922.00",0.00,0.00,0.00,0.00,0.00,0.00,"21,288,338.00"
062,Actos jurídicos apegados a la legalidad,"14,657,043.00","100,636.00","19,248,001.00",0.00,"3,000.00",0.00,"135,000,000.00",0.00,0.00,"169,008,680.00"
063,"Programa de Ejecución de la Política de Administración, Manejo de los Recursos Materiales, Prestación de Servicios Generales y Desarrollo de los Recursos Humanos del Poder Ejecutivo","9,728,298.00","761,710.50","26,581,349.26",0.00,"30,000.00",0.00,"50,000,000.00",0.00,0.00,"87,101,357.76"
066,Atención de asuntos jurídicos fiscales,"20,007,259.00","107,237.68","5,078,420.00",0.00,0.00,0.00,0.00,0.00,0.00,"25,192,916.68"
070,Abastecimientos de Bienes y Servicios a las Dependencias del Ejecutivo y Organismos,"18,101,460.00","238,511.00","300,747,585.01",0.00,"3,164.00",0.00,0.00,0.00,0.00,"319,090,720.01"
072,"Planeación, monitoreo y evaluación de políticas públicas","76,998,626.00","1,580,467.23","21,919,045.16","5,000,000.00",0.00,0.00,"500,000,000.00",0.00,0.00,"605,498,138.39"
075,Obligaciones Financieras y Fiscales del Gobierno del Estado,"184,033,057.00","958,940.33","49,512,260.12",0.00,"8,955.00",0.00,"69,300,000.00",0.00,0.00,"303,813,212.45"
076,Innovación y Tecnologías de Información y Telecomunicaciones,"26,678,401.00","210,700.42","26,655,755.44",0.00,"52,995,066.30",0.00,0.00,0.00,0.00,"106,539,923.16"
079,Información Estratégica para la Toma de Decisiones,0.00,0.00,0.00,"30,675,037.76",0.00,0.00,0.00,0.00,0.00,"30,675,037.76"
081,Vinculación con Organismos Públicos Descentralizados del Poder Ejecutivo,"10,071,133.00","115,326.00","1,237,638.00",0.00,0.00,0.00,0.00,0.00,0.00,"11,424,097.00"
088,"Administración Eficiente y Eficaz de los Recursos Humanos, Materiales y Financieros de la Secretaría de Hacienda Pública","39,609,805.00","10,178,035.88","232,588,151.86",0.00,"3,087,735.60",0.00,0.00,0.00,0.00,"285,463,728.34"
089,Coordinación del Proceso Presupuestario y Administración de los Recursos Materiales y Desarrollo de los Recursos Humanos,"46,418,338.00","415,876.72","2,545,862.00","47,717,344.00","40,275.00",0.00,0.00,0.00,0.00,"97,137,695.72"
091,Programa de Fortalecimiento de la Administración de Servicios Generales y Bienes Patrimoniales del Poder Ejecutivo,"31,753,446.00","170,149.00","11,903,371.60",0.00,"94,266.00",0.00,0.00,0.00,0.00,"43,921,232.60"
092,Conservación y Racionalización de espacios a Inmuebles e instalaciones fijas de los Edificios de Gobierno del Estado del Poder Ejecutivo,"9,444,660.00","1,564,593.87","33,392,284.00",0.00,"6,500.00",0.00,0.00,0.00,0.00,"44,408,037.87"
093,Vigilancia del Cumplimiento de las Obligaciones Fiscales,"76,106,048.64","138,825.35","1,503,931.00",0.00,"12,432.00",0.00,0.00,0.00,0.00,"77,761,236.99"
097,Profesionalización de los Servidores Públicos del Poder Ejecutivo y Programa de Ahorro de Recursos,"6,551,907.00","51,875.00","3,484,518.00",0.00,"8,165.00",0.00,0.00,0.00,0.00,"10,096,465.00"
098,Armonización de la política salarial con las nuevas normativas,"14,135,256.00","21,454.00","3,000.00",0.00,0.00,0.00,0.00,0.00,0.00,"14,159,710.00"
099,Administración y desarrollo de personal,"4,506,457.00","56,056.00","2,099,186.00",0.00,0.00,0.00,0.00,0.00,0.00,"6,661,699.00"
104,Presupuesto basado en Resultados (PbR),"24,241,009.00","577,829.03","324,813.00",0.00,"71,564.40",0.00,0.00,0.00,0.00,"25,215,215.43"
105,"Gestión Institucional del CODE para el aprovechamiento de los espacios públicos, deportivos y de recreación",0.00,0.00,0.00,"4,679,268.00",0.00,0.00,0.00,0.00,0.00,"4,679,268.00"
106,Actividad Física y Bienestar para todos,0.00,0.00,0.00,"24,499,754.00",0.00,0.00,0.00,0.00,0.00,"24,499,754.00"
107,Deporte de alto rendimiento en todas sus manifestaciones y expresiones,0.00,0.00,0.00,"53,640,411.00",0.00,0.00,0.00,0.00,0.00,"53,640,411.00"
108,Gestión Administrativa y Operativa del CODE,0.00,0.00,0.00,"255,091,567.00",0.00,0.00,0.00,0.00,0.00,"255,091,567.00"
111,Impartición de la Educación Preescolar,"1,616,430,083.85",0.00,0.00,"4,560,000.00",0.00,0.00,0.00,0.00,0.00,"1,620,990,083.85"
112,Impartición de la Educación Primaria,"5,086,719,665.54",0.00,0.00,"540,000.00",0.00,0.00,"19,412,705,095.00",0.00,0.00,"24,499,964,760.54"
113,Impartición de la Educación Secundaria,"2,419,723,463.19",0.00,0.00,0.00,0.00,0.00,0.00,0.00,0.00,"2,419,723,463.19"
121,Acciones de Apoyo a la Currícula de Educación Básica,"59,400,333.97","80,800,000.00","81,314,386.66","150,000.00","520,000.00",0.00,0.00,0.00,0.00,"222,184,720.63"
127,Programa para la Inclusión y la Equidad Educativa,0.00,0.00,0.00,"4,122,000.00",0.00,0.00,0.00,0.00,0.00,"4,122,000.00"
131,Tecnologías para Potenciar el Proceso de Enseñanza Aprendizaje en la Educación Básica,"8,199,594.12",0.00,0.00,"60,000.00","695,000.00",0.00,0.00,0.00,0.00,"8,954,594.12"
132,Fortalecimiento de la Vinculación entre los Niveles de Educación Básica y las Actividades de Apoyo Escolar,"30,814,765.51",0.00,"85,922,666.00","7,090,800.00","26,487,166.00",0.00,0.00,0.00,0.00,"150,315,397.51"
133,Programa Becas Económicas,"4,187,654.73",0.00,0.00,"21,630,000.00",0.00,0.00,0.00,0.00,0.00,"25,817,654.73"
137,Actualización y Capacitación Continua a Docentes de Educación Básica en Servicio,"68,619,410.11",0.00,0.00,0.00,0.00,0.00,0.00,0.00,0.00,"68,619,410.11"
147,Fomento de la Participación Social en la Educación Básica,"15,314,868.65",0.00,0.00,"3,000,000.00",0.00,0.00,0.00,0.00,0.00,"18,314,868.65"
148,Formación Profesional Técnica y Técnica Bachiller,0.00,0.00,0.00,"317,718,814.04",0.00,0.00,0.00,0.00,0.00,"317,718,814.04"
149,Oferta de bachillerato tecnológico con calidad y pertinencia en Jalisco,0.00,0.00,0.00,"414,700,705.76",0.00,0.00,0.00,0.00,0.00,"414,700,705.76"
150,Oferta de Bachillerato General en el estado de Jalisco en sus diferentes Opciones,0.00,0.00,0.00,"575,469,082.56",0.00,0.00,0.00,0.00,0.00,"575,469,082.56"
151,Formación y Capacitación para el Trabajo,0.00,0.00,0.00,"115,753,937.42",0.00,0.00,0.00,0.00,0.00,"115,753,937.42"
152,Operación de los servicios educativos del Instituto Estatal para la Educación de Jóvenes y Adultos,0.00,0.00,0.00,"156,037,967.00",0.00,0.00,0.00,0.00,0.00,"156,037,967.00"
155,Operación de los Centros de Atención Primaria en Adicciones (CAPA),0.00,"2,356,484.90","17,131,136.03",0.00,"345,180.00",0.00,0.00,0.00,0.00,"19,832,800.93"
164,Fortalecimiento de la cultura integral de trasplante de órganos y tejidos,0.00,0.00,0.00,"14,120,360.00",0.00,0.00,0.00,0.00,0.00,"14,120,360.00"
167,"Promoción, prevención y Atención oportuna de los trastornos mentales en la población jalisciense.",0.00,0.00,0.00,"105,721,737.00",0.00,0.00,0.00,0.00,0.00,"105,721,737.00"
171,Prevención de Accidentes,0.00,"862,591.25","1,032,212.75","1,956.00","10,000.00",0.00,0.00,0.00,0.00,"1,906,760.00"
172,Sistema de Atención Médica de Urgencias (S.A.M.U.),"17,252,338.00","1,159,000.00","2,948,664.00",0.00,"1,255,000.00",0.00,0.00,0.00,0.00,"22,615,002.00"
178,Prevención y control del Virus de la Inmunodeficiencia Humana,"16,923,796.00","644,729.64","1,451,155.98","2,532.00","339,652.60",0.00,0.00,0.00,0.00,"19,361,866.22"
182,Ampliar el acceso efectivo a los servicios de salud,0.00,0.00,0.00,"1,285,428,326.00",0.00,0.00,0.00,0.00,0.00,"1,285,428,326.00"
189,"Atención medica con calidad a pacientes con dolor crónico o fase terminal, en el Estado de Jalisco.",0.00,0.00,0.00,"8,504,746.00",0.00,0.00,0.00,0.00,0.00,"8,504,746.00"
190,Programa de Calidad en la Prestación de los Servicios de Salud a la Persona,0.00,0.00,0.00,"3,121,545,162.83",0.00,0.00,0.00,0.00,0.00,"3,121,545,162.83"
191,Atención del conflicto médico paciente,0.00,0.00,0.00,"9,536,114.00",0.00,0.00,0.00,0.00,0.00,"9,536,114.00"
193,Impulsarlaintegraciónfuncionalhacialauniversalidaddelosserviciosdesalud,0.00,0.00,0.00,"1,217,023,180.06",0.00,0.00,0.00,0.00,0.00,"1,217,023,180.06"
195,Ejecuciónysupervisióndelaobrapública,"8,341,265.00","202,024.12","1,821,966.62",0.00,0.00,"1,080,507,532.00","355,685,718.45",0.00,0.00,"1,446,558,506.19"
196,ProyectosparaeldesarrollodeinfraestructuraurbanaenelestadodeJalisco,"9,045,036.00","44,600.00","251,100.00",0.00,0.00,0.00,0.00,0.00,0.00,"9,340,736.00"
200,ConstruccióndeObrasHidráulicasenelEstado,0.00,0.00,0.00,"25,000,000.00",0.00,0.00,0.00,0.00,0.00,"25,000,000.00"
203,Gestiónintegraldelosrecursoshídricos,0.00,0.00,0.00,"1,603,847,510.00",0.00,0.00,0.00,0.00,0.00,"1,603,847,510.00"
205,FondoComplementarioparaelDesarrolloRegional(FONDEREG),0.00,0.00,0.00,"240,000,000.00",0.00,0.00,0.00,0.00,0.00,"240,000,000.00"
206,ObraPúblicamediantelosFondosMetropolitanosdeJalisco,"2,256,480.00",0.00,0.00,"373,325,205.00",0.00,0.00,"140,000,000.00",0.00,0.00,"515,581,685.00"
214,Conservacióndelaredcarreteraestatal,"52,905,904.00","310,800.00","1,144,170.00","75,000,000.00","338,500.00","1,123,061,991.00",0.00,0.00,0.00,"1,252,761,365.00"
216,Construccióndelaredcarreteraestatal,"6,226,704.00",0.00,0.00,0.00,0.00,0.00,0.00,0.00,0.00,"6,226,704.00"
219,GestiónyfomentoparaeldesarrolloylamejoradeinfraestructurasocialyproductivadelEstadodeJalisco,"5,754,095.00","63,518.30","66,200.00",0.00,0.00,0.00,"350,000,000.00",0.00,0.00,"355,883,813.30"
220,CiudadCreativaDigital,0.00,0.00,0.00,"1,784,000.00",0.00,0.00,0.00,0.00,0.00,"1,784,000.00"
225,JaliscoCompetitivo,"32,563,937.00",0.00,"9,843,177.03","100,000,000.00",0.00,0.00,0.00,0.00,0.00,"142,407,114.03"
228,InvierteenJalisco,"6,002,186.00","490,000.00","2,752,412.99","91,512,586.99",0.00,0.00,0.00,0.00,0.00,"100,757,185.98"
231,PrincipiosdeBuenGobiernoyDesarrolloinstitucional,"18,429,291.00","982,521.36","21,228,101.13","26,591.00","68,366.25",0.00,0.00,0.00,0.00,"40,734,870.74"
235,"FomentoalaIndustria,ComercioyServiciosCEPE",0.00,0.00,0.00,"35,293,397.90",0.00,0.00,0.00,0.00,0.00,"35,293,397.90"
237,"Infraestructuracinematográfica,audiovisualydepublicidad",0.00,0.00,0.00,"21,500,000.00",0.00,0.00,0.00,0.00,0.00,"21,500,000.00"
251,FondoJaliscodeFomentoEmpresarial,0.00,0.00,0.00,"10,000,000.00",0.00,0.00,0.00,0.00,0.00,"10,000,000.00"
253,ConduccióndelaPolíticaTurísticaEstatal,"8,356,803.00","785,590.94","12,471,193.52","1,533,696.00","521,816.90",0.00,0.00,0.00,0.00,"23,669,100.36"
254,PromociónTurísticadelEstadodeJalisco,"8,664,372.00","3,251,154.92","8,946,760.83","36,400,000.00","92,964.05",0.00,0.00,0.00,0.00,"57,355,251.80"
256,PlaneaciónyDesarrollodeProducto,"5,395,733.00","48,861.16","764,151.41",0.00,"5,070.00",0.00,0.00,0.00,0.00,"6,213,815.57"
257,Recorridosturísticos,0.00,"90,074.62","42,982.00","35,100,000.00","10,140.00",0.00,0.00,0.00,0.00,"35,243,196.62"
258,InformaciónEstadísticaeInvestigacióndeMercados,0.00,"67,598.00","57,600.00",0.00,"97,464.50",0.00,0.00,0.00,0.00,"222,662.50"
261,SoporteJurídicodelaSecretaríadeTurismo,"11,958,868.00","174,805.87","1,125,468.51",0.00,0.00,0.00,0.00,0.00,0.00,"13,259,142.38"
262,PromociónyFomentoalaInversiónTurísticaPrivada,0.00,"86,906.29","795,962.69",0.00,0.00,0.00,0.00,0.00,0.00,"882,868.98"
267,Apoyoalaoperaciónturísticaregional,"11,376,638.00","109,301.04","204,972.41",0.00,"56,574.00",0.00,0.00,0.00,0.00,"11,747,485.45"
269,GeneracióndeInfraestructuraProductivaRuralySocialBásica,"2,778,262.00",0.00,0.00,0.00,0.00,"414,000,000.00","208,745,893.00",0.00,0.00,"625,524,155.00"
270,InfraestructuraenCaminosRurales,"292,772.00","118,000.00","1,667,300.00",0.00,0.00,0.00,0.00,0.00,0.00,"2,078,072.00"
275,DesarrolloyfomentodeActividadesAcuícolasyPesquerasenelEstadodeJalisco,"11,788,656.00","3,091,004.52","571,327,000.00","35,160,000.00","1,512,500.00","30,000,000.00",0.00,0.00,0.00,"652,879,160.52"
276,Estímuloyreactivaciónderastros,0.00,"416,063.49","100,000.00",0.00,0.00,0.00,0.00,0.00,0.00,"516,063.49"
279,ProgramalasOrganizacionesCooperativasparaelBienestardelaMujerProductivaRural.,0.00,"74,000.00","120,000.00","1,983,000.00",0.00,0.00,0.00,0.00,0.00,"2,177,000.00"
290,"ProgramadeApoyoalaAgricultura,seguroporsiniestrosenactividadesagropecuarias","172,781.00","240,000.00","120,000.00","77,685,644.13",0.00,0.00,0.00,0.00,0.00,"78,218,425.13"
292,FortalecimientoalosCentrosdeDesarrolloFrutícolaCDFycapacitaciónaproductoreshortofrutícolasdeJalisco,"26,222,686.00","2,781,000.00","195,000.00",0.00,0.00,0.00,0.00,0.00,0.00,"29,198,686.00"
296,ProgramaEstataldeApoyoyServiciosalaGanaderíayalSectorLechero,0.00,"2,111,473.33","1,410,000.00","15,988,500.00","50,000.00",0.00,0.00,0.00,0.00,"19,559,973.33"
304,Programadeapoyoalaagriculturaatravésdeinsumosestratégicos,"5,218,554.00","261,000.00","75,000.00","506,182,443.71","30,000.00",0.00,0.00,0.00,0.00,"511,766,997.71"
305,"PromociónComercialdeProductosAgropecuariosyAcuícolasenFerias,ExposyGirasComerciales",0.00,"264,091.25","4,169,000.00","1,000,000.00","30,000.00",0.00,0.00,0.00,0.00,"5,463,091.25"
318,ProgramadeConcurrencia,0.00,0.00,0.00,"74,200,000.00",0.00,0.00,0.00,0.00,0.00,"74,200,000.00"
319,"Programadeplaneación,capacitaciónydesarrolloruralsustentableenelEstadodeJalisco","32,389,698.00","1,922,607.26","290,000.00","59,921,225.00","60,000.00",0.00,0.00,0.00,0.00,"94,583,530.26"
320,AdministraciónyOperacióndeRecursosdelaSecretaríadeAgriulturayDesarrolloRural,"21,180,807.00","1,280,249.88","25,158,405.86","300,000.00","560,000.00","95,000,000.00",0.00,0.00,0.00,"143,479,462.74"
321,GestiónSustentabledelTerritorio,"17,292,805.00","151,600.00","19,467,686.98",0.00,"4,181,179.02",0.00,"28,000,000.00",0.00,0.00,"69,093,271.00"
322,"Normatividad,SeguridadyJusticiaAmbiental","15,210,106.00","61,160.00","20,913,939.00",0.00,"30,723,800.00",0.00,0.00,0.00,0.00,"66,909,005.00"
324,AdministraciónyManejodelÁreadeProteccióndeFlorayFaunaLaPrimavera,0.00,0.00,0.00,"29,503,039.00",0.00,0.00,0.00,0.00,0.00,"29,503,039.00"
325,"ProgramadeImpulsoalDesarrollodelosSectoresAgropecuarios,ForestalyVidaSilvestre",0.00,0.00,0.00,"15,245,397.44",0.00,0.00,0.00,0.00,0.00,"15,245,397.44"
326,OrdenamientoEcológicoyTerritorial,"10,491,186.00","102,900.00","10,132,660.00",0.00,"75,000.00",0.00,0.00,0.00,0.00,"20,801,746.00"
327,Desarrollourbano,0.00,"51,000.00","165,000.00",0.00,0.00,0.00,0.00,0.00,0.00,"216,000.00"
328,GestiónAmbientalenelEstadodeJalisco,"7,110,520.00","140,000.00","13,670,600.00","76,188,716.00",0.00,0.00,0.00,0.00,0.00,"97,109,836.00"
329,Gobernanzaparalasustentabilidad,"16,695,055.00","270,000.56","3,451,399.56","25,000,000.00","79,750.00",0.00,0.00,0.00,0.00,"45,496,205.12"
330,"Manejo,Conservación,RestauraciónyProteccióndelosecosistemasdelEstado","28,118,696.00","12,629,897.21","17,568,000.00","15,000,000.00","4,643,300.00","19,425,000.00",0.00,0.00,0.00,"97,384,893.21"
331,AdministraciónyOperacióndelParqueMetropolitanodeGuadalajara,0.00,0.00,0.00,"17,000,000.00",0.00,0.00,0.00,0.00,0.00,"17,000,000.00"
332,AtenciónapersonasquevisitanlosparquesSolidaridadyMontenegro,0.00,0.00,0.00,"28,000,000.00",0.00,0.00,0.00,0.00,0.00,"28,000,000.00"
333,"Transparencia,EficienciayGestiónAdministrativaenlaSecretariadelMedioAmbienteyDesarrolloTerritorial","10,481,064.00","2,606,569.61","39,517,650.82",0.00,"4,680,000.00",0.00,0.00,0.00,0.00,"57,285,284.43"
335,EstrategiasparalaSuperacióndelaPobrezayDesarrolloTerritorial,"96,106,083.00","468,299.53","592,369.24","102,000,000.00","351,816.41",0.00,0.00,0.00,0.00,"199,518,568.18"
337,"AmpliacióndeOportunidadesEducativasparaNiñas,NiñosyJóvenes","388,171.00",0.00,0.00,"505,820,587.00",0.00,0.00,0.00,0.00,0.00,"506,208,758.00"
342,Bienestareconómicoysocialparalosadultosmayores,0.00,0.00,0.00,"132,635,905.04",0.00,0.00,0.00,0.00,0.00,"132,635,905.04"
345,DesarrolloeInclusióndePersonasconDiscapacidad,"2,133,529.00","183,694.97","332,826.15","5,190,793.00","20,790.00",0.00,0.00,0.00,0.00,"7,861,633.12"
346,CoinversiónSocial,0.00,0.00,0.00,"62,526,343.00",0.00,0.00,0.00,0.00,0.00,"62,526,343.00"
347,SeguridadAlimentaria,"4,491,023.00","431,061.44","545,264.76","62,000,000.00","38,066.26",0.00,0.00,0.00,0.00,"67,505,415.46"
350,ApoyodeSeguridadSocialapersonaslesionadasporlasexplosionesdeldeabrildeenGuadalajara,0.00,"78,142.64","380,226.83","1,000,000.00","44,988.86",0.00,0.00,0.00,0.00,"1,503,358.33"
351,FortalecimientoInstitucionalparalaOperacióndeProgramasSociales,"4,236,183.00","1,800,378.32","31,000,747.54","12,113,684.03","147,717.99",0.00,0.00,0.00,0.00,"49,298,710.88"
356,Bienestardelaniñezysusfamilias,0.00,0.00,0.00,"111,251,933.72",0.00,0.00,0.00,0.00,0.00,"111,251,933.72"
357,Bienestaralimentarioydesarrollocomunitario,0.00,0.00,0.00,"714,150,358.27",0.00,0.00,0.00,0.00,0.00,"714,150,358.27"
358,InclusiónparaelBienestardeGruposPrioritarios,0.00,0.00,0.00,"323,908,900.06",0.00,0.00,0.00,0.00,0.00,"323,908,900.06"
360,AtenciónparaelDesarrollodeMigrantes,"1,023,447.00","94,385.52","374,206.50","114,966.00","29,988.41",0.00,0.00,0.00,0.00,"1,636,993.43"
362,AtenciónaJalisciensesenelExtranjero,0.00,0.00,0.00,"4,500,000.00",0.00,0.00,0.00,0.00,0.00,"4,500,000.00"
373,"Atenciónintegraldeniñas,niñosyadolescentesensituacióndevulnerabilidad",0.00,0.00,0.00,"92,948,929.50",0.00,0.00,0.00,0.00,0.00,"92,948,929.50"
378,ServiciosdeAsistenciaSocialaGruposVulnerables,0.00,0.00,0.00,0.00,0.00,0.00,"17,000,000.00",0.00,0.00,"17,000,000.00"
382,DesarrolloIntegraldelosPueblosIndígenas,0.00,0.00,0.00,"5,683,501.41",0.00,0.00,0.00,0.00,0.00,"5,683,501.41"
391,ProgramadeImpulsoalaCienciayDesarrolloTecnológico,"3,970,022.00","134,000.00","364,667.80","4,770,785.20",0.00,0.00,0.00,0.00,0.00,"9,239,475.00"
392,"Educaciónsuperiorconcalidad,pertinencia,equidadyflexibilidad","11,143,851.00","45,000.00","2,958,000.00","145,859,028.98",0.00,0.00,0.00,0.00,0.00,"160,005,879.98"
395,EducaciónSuperiorTecnológicaenlasRegiones(UTJ),0.00,0.00,0.00,"57,655,390.00",0.00,0.00,0.00,0.00,0.00,"57,655,390.00"
401,EducaciónSuperiorTecnológicaenlasRegiones,0.00,0.00,0.00,"279,678,058.00",0.00,0.00,0.00,0.00,0.00,"279,678,058.00"
406,EducaciónSuperiorTecnológicaenlasRegiones(UTZMG),0.00,0.00,0.00,"25,243,481.00",0.00,0.00,0.00,0.00,0.00,"25,243,481.00"
420,EducaciónSuperiorTecnológicaenlasRegiones(UPZMG),0.00,0.00,0.00,"14,806,800.00",0.00,0.00,0.00,0.00,0.00,"14,806,800.00"
427,"Programadeconservación,promociónydifusióndelInstitutoCulturalCabañas",0.00,0.00,0.00,"25,630,990.56",0.00,0.00,0.00,0.00,0.00,"25,630,990.56"
436,RadioyTelevisiónJalisciense,0.00,0.00,0.00,"56,828,116.00",0.00,0.00,0.00,0.00,0.00,"56,828,116.00"
437,"ProyectosdeInnovación,EmpresarialySocial","5,271,955.00","12,735.00","334,000.00","5,000,000.00",0.00,0.00,0.00,0.00,0.00,"10,618,690.00"
445,ProgramadeFomentoalaCulturaylasArtesenelEstadodeJalisco,0.00,0.00,0.00,"45,262,062.94",0.00,0.00,0.00,0.00,0.00,"45,262,062.94"
447,ProgramadeDesarrolloCulturalenlosMunicipios,"9,041,207.00","131,970.00","13,207,042.00","28,903,925.90",0.00,0.00,0.00,0.00,0.00,"51,284,144.90"
448,"SistemaEstataldeEnsamblesyOrquestasComunitarias:ECOS,MúsicaparaelDesarrollo",0.00,0.00,0.00,"34,235,142.00",0.00,0.00,0.00,0.00,0.00,"34,235,142.00"
451,ActividadesdelConsejoEstatalparalaCulturaylasArtes,"1,288,570.00","69,000.00","1,710,000.00",0.00,"1,000,000.00",0.00,0.00,0.00,0.00,"4,067,570.00"
453,ProgramadeProtecciónyAprovechamientodelPatrimonioCulturaldeJalisco,"13,993,026.00","1,336,650.00","6,587,000.00","28,704,000.00",0.00,0.00,"10,000,000.00",0.00,0.00,"60,620,676.00"
464,ProgramadeFomentoCulturalyArtístico,0.00,"320,886.00","17,619,675.40","16,665,000.00",0.00,0.00,"13,832,600.00",0.00,0.00,"48,438,161.40"
465,"ProgramadeOperación,PromociónyDifusióndelaOrquestaFilarmónicadeJalisco",0.00,0.00,0.00,"50,876,269.93",0.00,0.00,0.00,0.00,0.00,"50,876,269.93"
466,ConduccióndelaSecretaríadelTrabajoyPrevisiónSocial,"11,141,146.00",0.00,"250,000.00",0.00,"16,000.00",0.00,0.00,0.00,0.00,"11,407,146.00"
467,ImparticióndeJusticiaLaboralenelEstado,"147,475,108.00",0.00,"1,229,500.00",0.00,"18,000.00",0.00,0.00,0.00,0.00,"148,722,608.00"
468,ProcuracióndeJusticiaLaboralyConciliaciónLaboralAdministrativaenelEstado,"27,330,536.00","19,500.00","5,000.00",0.00,"4,734.00",0.00,0.00,0.00,0.00,"27,359,770.00"
469,ProgramadeApoyoparaelfortalecimientodelEmpleoenelEstado,"20,277,487.00",0.00,"500,000.00","118,885,961.00",0.00,0.00,0.00,0.00,0.00,"139,663,448.00"
471,FomentarelCumplimientodelaNormatividadLaboralydeSeguridadeHigienedelEstado,"20,788,389.00","1,845,918.03","523,370.00",0.00,"502,250.00",0.00,0.00,0.00,0.00,"23,659,927.03"
472,ResolucióndeprocedimientosjurídicosenmateriademovilidadenelEstado.,"54,213,745.00","840,356.17","154,101.00",0.00,"838,559.60",0.00,0.00,0.00,0.00,"56,046,761.77"
475,"InformaciónCiudadanayAdministraciónEficienteyEficazdelosRecursosHumanos,MaterialesyFinancierosdelaSecretaríadelTransporte","85,668,278.00","22,597,614.53","110,009,498.95",0.00,"1,686,450.40",0.00,0.00,0.00,0.00,"219,961,841.88"
477,Operaciónymejoramientodelosdispositivosdecontroldetráfico.,"30,549,938.00","57,142,305.34","10,323,812.00",0.00,"35,090,651.00",0.00,0.00,0.00,0.00,"133,106,706.34"
479,Autorizaciónenlaaplicacióndeloslineamientostécnicosparamodificacióndelainfraestructuravial.,"24,357,737.00","1,284,942.00","153,404.00",0.00,"21,178.50",0.00,0.00,0.00,0.00,"25,817,261.50"
480,ConcesionesyReordenamientoderutasdelServiciodeTransportePúblicoensusdiferentesmodalidades,"69,370,065.00","788,931.71","3,654,679.00",0.00,"150,000.00",0.00,0.00,0.00,0.00,"73,963,675.71"
481,Profesionalizacióndelosservidorespúblicos;sistematizaciónymejoramientodelosprocesos.,"11,686,489.00","101,539.00","57,853.00",0.00,"183,577.00",0.00,0.00,0.00,0.00,"12,029,458.00"
483,Administracióndelregistroymanejodelainformacióndelosactosyactoresdemovilidad.,0.00,"79,700.00","100,550.00",0.00,"13,672.50",0.00,0.00,0.00,0.00,"193,922.50"
484,Operacióndelavigilanciavial.,"593,670,344.00","11,406,560.58","23,786,151.00",0.00,0.00,0.00,0.00,0.00,0.00,"628,863,055.58"
485,Promocióndelaculturavialyserviciosdemovilidad.,"56,280,095.00","20,775,046.19","1,218,516.00",0.00,"157,634.60",0.00,0.00,0.00,0.00,"78,431,291.79"
486,ProgramadeEmisióndeLicenciasdeConducir,"12,609,976.00","182,891.60","57,855,674.00",0.00,"158,375.00",0.00,0.00,0.00,0.00,"70,806,916.60"
487,OperativoSalvandoVidas,0.00,"7,432,608.00","960,284.00",0.00,"3,418,162.00",0.00,0.00,0.00,0.00,"11,811,054.00"
488,SistemadeTrenEléctricoUrbano.,0.00,0.00,0.00,"98,252,779.84",0.00,0.00,0.00,0.00,0.00,"98,252,779.84"
495,ProductosInteligentesTerminados,"62,320,189.00","10,039,036.71","2,589,646.92",0.00,"1,492,510.16",0.00,"28,000,000.00",0.00,0.00,"104,441,382.79"
497,"Atenciónintegralespecializadaamujeresvíctimasdeviolenciafamiliar,sexualoporrazonesdegénero,asícomoasushijasehijos","24,918,778.00","5,178,459.84","1,029,049.34","11,015,000.00","350,850.00",0.00,0.00,0.00,0.00,"42,492,137.18"
501,DifusióndeLogrosyResultadosdelaSecretaríadeSeguridad,"168,425,829.00","21,220,937.06","258,332,407.99","10,600,000.00","6,388,793.76",0.00,"27,000,000.00",0.00,0.00,"491,967,967.81"
502,FortalecimientoInstitucionaldelaFiscalíaEstatal,"107,299,880.00","59,520,706.55","192,278,891.28","602,864.00","6,661,963.90",0.00,"51,500,000.00",0.00,0.00,"417,864,305.73"
508,FortalecimientodelSistemaLegalAplicablealaFiscalíaEstatal,"19,545,932.00","3,635,279.17","13,492,147.84",0.00,"362,000.00",0.00,0.00,0.00,0.00,"37,035,359.01"
509,InformaciónEstratégicaparalaTomadeDecisionesdelaSecretaríadeSeguridad,"17,015,777.00","3,400,617.00","36,402,938.97",0.00,0.00,0.00,0.00,0.00,0.00,"56,819,332.97"
511,"Atenciónadenuncias,quejas,evaluacionesdeeficaciaycalidadenactuardeservidoresyelementos.","32,583,504.00","287,439.86","1,239,025.53",0.00,"27,502.90",0.00,0.00,0.00,0.00,"34,137,472.29"
520,RepresentaciónJurídicaenlaSeguridadPúblicaylaProcuracióndeJusticia,"468,356,233.00","6,221,570.79","25,486,938.67",0.00,"2,257,451.61",0.00,0.00,0.00,0.00,"502,322,194.07"
530,"MecanismosyCoordinaciónparalaSeguridad,elOrdenylaPazPúblicaenelEstado","993,642,013.00","143,787,292.65","60,347,399.32",0.00,"5,123,554.84","22,000,000.00","439,007,302.00",0.00,0.00,"1,663,907,561.81"
531,ReinsercióndelosAdultosyAdolescentesalaSociedad,"240,587,825.00","81,952,209.23","88,623,626.25",0.00,"2,519,166.09",0.00,"6,000,000.00",0.00,0.00,"419,682,826.57"
532,CentrosPenitenciariosMayores,"264,729,858.00","121,625,396.93","4,255,918.00",0.00,"1,076,221.20",0.00,0.00,0.00,0.00,"391,687,394.13"
534,CentrosconCapacidadMediayCEINJURES,"291,130,630.00","79,638,871.78","3,895,502.50",0.00,"192,000.00",0.00,0.00,0.00,0.00,"374,857,004.28"
535,AtenciónIntegralParaAdolescentesyAdultosJóvenesenConflictoconlaLey,"124,551,340.00","48,679,826.18","2,297,328.00",0.00,"289,394.00",0.00,0.00,0.00,0.00,"175,817,888.18"
536,AtenciónIntegralaPreliberadosyLiberados,"30,602,645.00","2,050,000.00","4,065,026.90",0.00,0.00,0.00,0.00,0.00,0.00,"36,717,671.90"
537,CustodiayVigilanciaPenitenciaria,"79,881,993.00","24,479,601.11","3,550,000.00",0.00,"6,117,793.38",0.00,0.00,0.00,0.00,"114,029,387.49"
545,AtenciónIntegralaVíctimasdelDelito,"17,913,857.00","1,935,814.17","3,974,196.41",0.00,"1,123,290.39",0.00,0.00,0.00,0.00,"24,947,157.97"
550,"EstrategiasdeInteligenciaparalainvestigación,laPrevención,PersecuciónySancióndelosDelitos","218,577,177.00","2,061,075.64","3,942,690.80",0.00,"2,340,000.00",0.00,"10,000.00",0.00,0.00,"226,930,943.44"
551,JusticiaRestaurativaenfavordelaVíctima,"3,625,239.00","400,000.00",0.00,0.00,0.00,0.00,0.00,0.00,0.00,"4,025,239.00"
558,"FortalecimientoparalaProcuracióndeJusticia,Humanitaria,Pronta,ExpeditaconEstrictoApegoalaLey","186,756,701.00","476,149.00","20,588,098.80",0.00,"350,525.14",0.00,0.00,0.00,0.00,"208,171,473.94"
559,CoordinaciónyGestióndelDespachodelFiscalRegional,"15,044,941.00","518,551.10",0.00,0.00,0.00,0.00,0.00,0.00,0.00,"15,563,492.10"
560,ProcuracióndeJusticiaProntayExpedita,"151,983,377.00","23,064,955.38","7,296,509.08","35,316.00","139,000.00",0.00,0.00,0.00,0.00,"182,519,157.46"
565,CarpetasdeInvestigaciónqueseJudicializanenbeneficiodelaSociedad,"162,733,179.00","2,536,345.46","17,028,417.46",0.00,"4,301,371.16",0.00,0.00,0.00,0.00,"186,599,313.08"
571,"Atención,CaptaciónyMedidasdeProtecciónaVíctimasdelDelito","247,501,283.00","1,918,147.12","2,334,356.26",0.00,0.00,0.00,0.00,0.00,0.00,"251,753,786.38"
576,ControldeprocesosdelSistemaTradicional,0.00,"1,115,382.99","296,194.97",0.00,"1,484,000.00",0.00,0.00,0.00,0.00,"2,895,577.96"
577,CienciaAplicadaalaDictaminaciónparalaProcuracióndeJusticia,0.00,0.00,0.00,"208,806,544.75",0.00,0.00,0.00,0.00,0.00,"208,806,544.75"
579,CapacitaciónytalleresenCentrosdeReadaptaciónSocialdelEstadodeJalisco,0.00,0.00,0.00,"6,432,660.00",0.00,0.00,0.00,0.00,0.00,"6,432,660.00"
580,PrevenciónyAtencióndeEmergencias,0.00,0.00,0.00,"146,555,227.25",0.00,0.00,0.00,0.00,0.00,"146,555,227.25"
581,FortalecimientodelaCulturadelaProtecciónCivil,0.00,0.00,0.00,"16,025,408.05",0.00,0.00,0.00,0.00,0.00,"16,025,408.05"
582,FortalecimientodelSistemaEstataldeProtecciónCivil,0.00,0.00,0.00,"2,394,474.55",0.00,0.00,0.00,0.00,0.00,"2,394,474.55"
583,BrigadistasComunitarios,0.00,0.00,0.00,"9,750,822.88",0.00,0.00,0.00,0.00,0.00,"9,750,822.88"
584,AtlasEstataldeRiesgos,0.00,0.00,0.00,"2,074,179.55",0.00,0.00,0.00,0.00,0.00,"2,074,179.55"
588,InvestigaryPerseguirlosDelitosElectoralesdeOrdenEstatal,"7,087,025.00","335,000.00","75,000.00",0.00,"500,000.00",0.00,0.00,0.00,0.00,"7,997,025.00"
589,DesarrollodeEjerciciosConsultivosdeProcuracióndeJusticia,0.00,"746,303.99","461,141.98",0.00,"66,682.15",0.00,0.00,0.00,0.00,"1,274,128.12"
591,Apoyojurídicogratuitoydecalidadparalatranquilidadjurídicadelosjaliscienses.,"15,679,231.00","70,955.41","153,446.48",0.00,0.00,0.00,0.00,0.00,0.00,"15,903,632.89"
592,DefensahumanayeficienteatodoslosJaliscienses,"38,612,269.00","45,170.90","211,548.33",0.00,0.00,0.00,0.00,0.00,0.00,"38,868,988.23"
593,Gobiernoefectivoyeficiente,"52,700,246.00","1,315,762.27","11,021,281.87","40,196.00","46,651.00",0.00,0.00,0.00,0.00,"65,124,137.14"
594,Observanciadelalegalidadyelrespetodelosderechosfundamentalesdelaciudadanía.,"9,758,432.00","79,010.79","116,592.19",0.00,0.00,0.00,0.00,0.00,0.00,"9,954,034.98"
595,VigilanciaycumplimientodelosderechospatrimonialesypersonalesdelosJaliscienses.,0.00,"58,906.81","199,951.95",0.00,0.00,0.00,0.00,0.00,0.00,"258,858.76"
597,FortalecimientoAdministrativoydeRecursosHumanosdelaContraloría,"12,513,568.00","2,811,250.85","8,773,550.81","10,000.00","646,499.00",0.00,0.00,0.00,0.00,"24,754,868.66"
598,RealizacióndeAuditoriasalosOrganismosPúblicosDescentralizadosyFideicomisos,"13,807,940.00",0.00,0.00,0.00,0.00,0.00,0.00,0.00,0.00,"13,807,940.00"
599,DespachodelContralor,"7,212,854.00",0.00,0.00,0.00,0.00,0.00,0.00,0.00,0.00,"7,212,854.00"
600,"RealizacióndeAuditoriasaDependencias,OPD´sSectorSaludyEntidadesDesconcentradasdelEjecutivo","18,102,197.00",0.00,0.00,0.00,0.00,0.00,0.00,0.00,0.00,"18,102,197.00"
601,VerificacióndeObraPúblicadelEstado,"21,826,435.00",0.00,0.00,0.00,0.00,0.00,0.00,0.00,0.00,"21,826,435.00"
602,ProgramaparaelfortalecimientodelSistemaEstatalAnticorrupción.,"12,927,440.00","50,000.00",0.00,0.00,0.00,0.00,0.00,0.00,0.00,"12,977,440.00"
603,"ControlPreventivo,TransparenciayFiscalizacióndelosRecursosPúblicos","8,873,081.00","50,000.00",0.00,0.00,0.00,0.00,0.00,0.00,0.00,"8,923,081.00"
615,AdministraciónTransparenteyeficientedelTribunaldeArbitrajeyEscalafóndelEstadodeJalisco.,"16,521,094.00","180,953.04","2,336,980.10",0.00,"472,668.90",0.00,0.00,0.00,0.00,"19,511,696.04"
617,Imparticióndejusticiaelectoralalaciudadaníaeinvestigaciónycapacitaciónenlamateria,0.00,0.00,0.00,"37,330,043.80",0.00,0.00,0.00,0.00,0.00,"37,330,043.80"
619,InstitutodeJusticiaAlternativa,0.00,0.00,0.00,"90,421,930.00",0.00,0.00,0.00,0.00,0.00,"90,421,930.00"
620,TribunaldeJusticiaAdministrativadelEstadodeJalisco,0.00,0.00,0.00,"123,995,727.40",0.00,0.00,0.00,0.00,0.00,"123,995,727.40"
621,ConsejodelaJudicatura,0.00,0.00,0.00,"1,158,959,733.00",0.00,0.00,0.00,0.00,0.00,"1,158,959,733.00"
624,GobernanzadelosDerechosHumanos,0.00,0.00,0.00,"44,801,246.90",0.00,0.00,0.00,0.00,0.00,"44,801,246.90"
625,CulturadelosDerechosHumanos,0.00,0.00,0.00,"19,932,745.32",0.00,0.00,0.00,0.00,0.00,"19,932,745.32"
626,DefensadelosDerechosHumanos,0.00,0.00,0.00,"83,829,860.30",0.00,0.00,0.00,0.00,0.00,"83,829,860.30"
627,"Promocióndelaculturadelatransparencia,rendicióndecuentasyparticipaciónciudadana.",0.00,0.00,0.00,"8,499,848.41",0.00,0.00,0.00,0.00,0.00,"8,499,848.41"
628,Apoyoalafunciónpúblicaydesempeñoorganizacional,0.00,0.00,0.00,"3,380,140.90",0.00,0.00,0.00,0.00,0.00,"3,380,140.90"
629,Garantizarelderechodeaccesoalainformaciónpúblicaylaproteccióndedatospersonales,0.00,0.00,0.00,"24,240,962.63",0.00,0.00,0.00,0.00,0.00,"24,240,962.63"
632,AdministracióndeRecursosIEPC,0.00,0.00,0.00,"68,863,418.90",0.00,0.00,0.00,0.00,0.00,"68,863,418.90"
633,PrerrogativasaPartidosPolíticosIEPC,0.00,0.00,0.00,"99,646,372.57",0.00,0.00,0.00,0.00,0.00,"99,646,372.57"
636,AtenciónIntegraldelDespachodelC.Gobernador,"5,866,433.00","159,979.59","1,410,861.34",0.00,"62,000.00",0.00,0.00,0.00,0.00,"7,499,273.93"
637,Prevenciónenelusoyabusodesustanciasadictivas,"50,554,309.00","784,544.00","7,990,047.15",0.00,"78,109.00",0.00,0.00,0.00,0.00,"59,407,009.15"
639,AdministraciónderecursosdelaSecretaríadelTrabajoyPrevisiónSocial,"54,940,040.00","2,529,202.00","29,277,612.31",0.00,"205,437.50",0.00,0.00,0.00,0.00,"86,952,291.81"
640,"Planeación,proyectosygestiónadministrativa",0.00,0.00,0.00,"20,152,977.22",0.00,0.00,0.00,0.00,0.00,"20,152,977.22"
642,ImparticióndeJusticiaLaboralparaServidoresPúblicosyEntidadesPúblicasdelEstadoyMunicipios,"32,978,010.00","1,127,074.93","8,767,498.81","10,600.00","125,600.00",0.00,0.00,0.00,0.00,"43,008,783.74"
649,ImparticióndelaEducaciónMediaSuperiorylaCapacitaciónparaelTrabajo,"12,001,208.94","15,000.00","11,605,000.00",0.00,0.00,0.00,0.00,0.00,0.00,"23,621,208.94"
652,ConduccióndelaPolíticaEducativa,"63,802,009.16","203,000.00","1,962,400.00","3,730,000.00","72,000.00",0.00,0.00,0.00,0.00,"69,769,409.16"
653,GestióndeInversiónPúblicaenInfraestructurayequipamientoturístico,0.00,"60,378.56","1,315,425.00",0.00,"5,070.00",0.00,"40,000,000.00",0.00,0.00,"41,380,873.56"
655,AdministraciónEducativaRegional,"76,548,991.08","34,923,641.00",0.00,0.00,"100,000.00",0.00,0.00,0.00,0.00,"111,572,632.08"
659,CapacitaciónyCompetitividadTurística,0.00,"194,842.76","179,847.00",0.00,"5,070.00",0.00,0.00,0.00,0.00,"379,759.76"
660,"GestióndeFondosyProgramasdeApoyodeCiencia,TecnologíaeInnovación",0.00,0.00,0.00,"68,899,034.00",0.00,0.00,0.00,0.00,0.00,"68,899,034.00"
661,OperacióndelFondodeCienciayTecnologíadeJalisco,0.00,0.00,0.00,"77,925,000.00",0.00,0.00,0.00,0.00,0.00,"77,925,000.00"
662,Fortalecimientodelaculturacientíficaylaapropiaciónsocialdelaciencia(Lunaria),0.00,0.00,0.00,0.00,0.00,0.00,"26,727,000.00",0.00,0.00,"26,727,000.00"
664,ProyectosprioritariosdelSupremoTribunaldeJusticia,0.00,0.00,0.00,"459,135,760.00",0.00,0.00,0.00,0.00,0.00,"459,135,760.00"
665,RectoríadelSectorSalud,"28,799,792.00","2,050,000.00","25,448,585.00",0.00,0.00,0.00,"916,165,964.00",0.00,0.00,"972,464,341.00"
676,Programaparalaigualdadentremujeresyhombres,0.00,0.00,0.00,"6,133,750.00",0.00,0.00,0.00,0.00,0.00,"6,133,750.00"
677,ProgramaparaIncorporarlaTransversalidaddelaPerspectivadeGéneroenelSectorPúblico,0.00,0.00,0.00,"4,362,875.00",0.00,0.00,0.00,0.00,0.00,"4,362,875.00"
678,PrevenciónyAtencióndelaViolenciacontralasMujeres,0.00,0.00,0.00,"18,383,152.00",0.00,0.00,0.00,0.00,0.00,"18,383,152.00"
679,FortalecimientoInstitucionalentemasdeigualdadyperspectivadegénero,0.00,0.00,0.00,"7,113,115.00",0.00,0.00,0.00,0.00,0.00,"7,113,115.00"
689,UniversidaddeGuadalajara,0.00,0.00,0.00,"12,043,081,501.00",0.00,0.00,0.00,0.00,0.00,"12,043,081,501.00"
690,PoderLegislativo,0.00,0.00,0.00,"699,900,000.00",0.00,0.00,0.00,0.00,0.00,"699,900,000.00"
691,AuditoríaSuperiordelEstado,0.00,0.00,0.00,"297,160,129.00",0.00,0.00,0.00,0.00,0.00,"297,160,129.00"
692,"ConduccióndelaPolíticadeInnovación,CienciayTecnología.","16,064,969.00","750,391.93","11,550,420.28","30,495,648.50","759,776.76",0.00,0.00,0.00,0.00,"59,621,206.47"
695,ParticipacionesaMunicipiosdelEstadodeJalisco,0.00,0.00,0.00,0.00,0.00,0.00,0.00,"17,074,499,416.15",0.00,"17,074,499,416.15"
696,DeudaPúblicadelGobiernodelEstadodeJalisco,0.00,0.00,0.00,0.00,0.00,0.00,0.00,0.00,"2,701,606,969.73","2,701,606,969.73"
701,MuseoTrompoMágico,0.00,0.00,0.00,0.00,0.00,0.00,"51,936,255.89",0.00,0.00,"51,936,255.89"
708,FideicomisoFondoEstataldeDesastresNaturalesJalisco(FOEDEN),0.00,0.00,0.00,"58,462,418.00",0.00,0.00,0.00,0.00,0.00,"58,462,418.00"
711,ReddeEnlaceySistemaIntegralCiudadanodelaSecretariaGeneraldeGobierno,"14,259,619.00","1,683,077.30","13,909,047.58",0.00,"97,438.00",0.00,0.00,0.00,0.00,"29,949,181.88"
713,SistemadeProtecciónSocialenSaluddeJalisco,0.00,0.00,0.00,"2,907,836,602.00",0.00,0.00,0.00,0.00,0.00,"2,907,836,602.00"
715,ProgramasyProyectosdeProteccióncontraRiesgosSanitarios,0.00,0.00,0.00,"37,428,559.00",0.00,0.00,0.00,0.00,0.00,"37,428,559.00"
726,SubsidiosFederalesparalaSeguridadPública(FORTASEG),0.00,0.00,0.00,"289,263,315.00",0.00,0.00,0.00,0.00,0.00,"289,263,315.00"
727,FondodeAportacionesparaelFortalecimientodelosMunicipios(FORTAMUN),0.00,0.00,0.00,0.00,0.00,0.00,0.00,"5,032,833,237.00",0.00,"5,032,833,237.00"
728,FondodeAportacionesparalaInfraestructuraSocialMunicipal(FAISM),0.00,0.00,0.00,0.00,0.00,0.00,0.00,"1,513,373,677.00",0.00,"1,513,373,677.00"
733,ModelodeAtenciónIntegralaVíctimas,0.00,"115,000.00","280,000.00","26,000,000.00","30,000.00",0.00,0.00,0.00,0.00,"26,425,000.00"
734,FondoconcursableparaelDesarrollodeinfraestructuraenlosMunicipiosdelEstado.,0.00,0.00,0.00,"200,000,000.00",0.00,0.00,0.00,0.00,0.00,"200,000,000.00"
735,ApoyoenlastareasyactividadesdeseguridadpúblicaenelEstadodeJalisco,0.00,0.00,0.00,"380,766,349.00",0.00,0.00,0.00,0.00,0.00,"380,766,349.00"
736,GestióndelosrecursosfederalesdelSecretariadoEjecutivodelConsejoEstataldeSeguridadPública,"97,946,955.00","134,790.96","497,122.00",0.00,0.00,0.00,0.00,0.00,0.00,"98,578,867.96"
739,EvaluaciónyMonitoreodelaProblemáticaSocialenlasRegionesyEstado,"185,515,313.00","343,201.00","1,316,953.00",0.00,"104,917.00",0.00,0.00,0.00,0.00,"187,280,384.00"
745,DesarrolloUrbanoSustentableenelEstadodeJalisco,0.00,0.00,0.00,"1,000,000.00",0.00,0.00,0.00,0.00,0.00,"1,000,000.00"
746,CentroEstataldeevaluaciónyControldeConfianza,"7,086,292.00","62,346.00","11,630,495.00",0.00,0.00,0.00,0.00,0.00,0.00,"18,779,133.00"
790,ProgramadelaReformaEducativa,0.00,0.00,0.00,0.00,0.00,0.00,"29,381,640.00",0.00,0.00,"29,381,640.00"
795,EducaciónSuperiorenRestauracióndeBienesMuebles(ECRO),0.00,0.00,0.00,"5,398,822.00",0.00,0.00,0.00,0.00,0.00,"5,398,822.00"
798,"ConduccióndelaPolíticaInterior,lasRelacionesyAsuntosdirigidosalEjecutivoEstatal","22,999,117.00","329,000.00","921,906.00",0.00,"77,036.00",0.00,0.00,0.00,0.00,"24,327,059.00"
799,ConsolidacióndelNuevoSistemadeJusticiaPenalparaelEstadodeJalisco,0.00,"467,000.00","6,777,000.00",0.00,"141,000.00",0.00,0.00,0.00,0.00,"7,385,000.00"
801,Atenciónespecializadaapacientesconcáncer,0.00,0.00,0.00,"61,051,779.00",0.00,0.00,0.00,0.00,0.00,"61,051,779.00"
803,MecanismosdeParticipaciónSocial,0.00,0.00,0.00,"2,167,500.00",0.00,0.00,0.00,0.00,0.00,"2,167,500.00"
804,"ProgramaEstataldeProtecciónIntegraldeniñas,niños,yadolescentes",0.00,"240,000.00","1,549,800.00",0.00,"127,000.00",0.00,0.00,0.00,0.00,"1,916,800.00"
805,"Seguridad,certezaenlosactosjurídicos,firmaelectrónica,guarda,custodiadelosinmueblesdelEstado",0.00,"327,000.00","527,000.00",0.00,"203,000.00",0.00,0.00,0.00,0.00,"1,057,000.00"
807,AdministracióndelSistemaEducativoEstatal,"297,650,229.05","3,027,000.00","148,308,192.66","19,659,000.00","20,368,750.00",0.00,0.00,0.00,0.00,"489,013,171.71"
808,PlaneaciónyEvaluacióndelSistemaEducativoEstatal,"51,259,204.21",0.00,0.00,0.00,"13,000.00",0.00,0.00,0.00,0.00,"51,272,204.21"
809,Apoyoseducativosparagruposvulnerablesylaformaciónintegral,"721,235,191.81",0.00,0.00,"479,800.00","100,000.00",0.00,0.00,0.00,0.00,"721,814,991.81"
810,Formacióninicialydeposgradoparalosdocentesdeeducaciónbásica,"242,816,413.44",0.00,0.00,"2,050,000.00",0.00,0.00,0.00,0.00,0.00,"244,866,413.44"
811,FomentodelasaluddelosalumnosdeEducaciónBásica,"13,324,027.93",0.00,"85,167,280.00","1,000,000.00","130,000.00",0.00,0.00,0.00,0.00,"99,621,307.93"
812,OperacióndelosprogramasdeinfraestructuraescolarenelEstado,0.00,0.00,0.00,"570,034,116.00",0.00,0.00,0.00,0.00,0.00,"570,034,116.00"
814,ProgramaparaelDesarrollodelSectorArtístico,0.00,"476,406.00","1,303,135.00","19,000,000.00",0.00,0.00,0.00,0.00,0.00,"20,779,541.00"
816,"ProgramaparalaPlaneación,Difusión,OperaciónyEvaluacióndelaPolíticaCultural.","62,751,393.00","2,490,565.38","44,108,849.71","8,520,800.00","1,400,000.00",0.00,"8,750,500.00",0.00,0.00,"128,022,108.09"
818,DesarrolloyejecucióndelapolíticayestrategiaenergéticadelEstado,0.00,0.00,0.00,"9,825,428.54",0.00,0.00,0.00,0.00,0.00,"9,825,428.54"
850,"Seguimiento,evaluaciónyconsolidacióndelnuevosistemadejusticiapenal(juiciosorales)",0.00,0.00,0.00,"50,000,000.00",0.00,0.00,0.00,0.00,0.00,"50,000,000.00"
905,ConservaciónyManejodelosEcosistemasyBiodiversidaddelEstado,0.00,"2,000.00","310,000.00","28,250,000.00","2,028,000.00",0.00,0.00,0.00,0.00,"30,590,000.00"
906,ProgramadeFomentoalaLectura,"89,747,786.00","976,500.00","1,000,800.00",0.00,"702,000.00",0.00,0.00,0.00,0.00,"92,427,086.00"
907,ProgramadeFormaciónArtística,0.00,"155,300.00","404,500.00",0.00,"13,000.00",0.00,0.00,0.00,0.00,"572,800.00"
908,"ProgramadeApoyoLogístico,Técnico,deEvaluaciónyDifusióndelasactividadesdelC.GobernadorylaProyeccióndelEstadodeJalisco.","94,738,074.00","1,677,868.17","128,553,273.30",0.00,0.00,0.00,0.00,0.00,0.00,"224,969,215.47"
909,"Prevención,Promoción,AtenciónyFormaciónenSaludparaProporcionarServiciosIntegralesdeSegundoyTercernivelanuestraPoblaciónUsuaria.",0.00,0.00,0.00,"3,888,142,173.80",0.00,0.00,0.00,0.00,0.00,"3,888,142,173.80"
910,"GestiónparaeldesarrollodelaInfraestructuraenlaentidad,mediantelaproyecciónyconstruccióndelasobraspúblicas.","76,033,052.00","4,146,038.49","87,158,164.35",0.00,"50,893,000.00",0.00,"108,778,931.00",0.00,0.00,"327,009,185.84"
911,AtencióndeAgendayCoordinacióndeActividadesdelC.GobernadordelEstadodeJalisco,"122,116,633.00","10,818,537.78","31,791,192.42","57,970.00","4,389,155.79",0.00,0.00,0.00,0.00,"169,173,488.99"
912,InclusióndePersonasconDiscapacidad,0.00,0.00,0.00,"171,114,646.64",0.00,0.00,0.00,0.00,0.00,"171,114,646.64"
913,Apoyoalingresodelhogarconjefaturafemenina,0.00,0.00,0.00,"217,029,592.98",0.00,0.00,0.00,0.00,0.00,"217,029,592.98"
917,ProgramadeproyectosestratégicosdelFACEJ,0.00,0.00,0.00,"90,812,500.00",0.00,0.00,0.00,0.00,0.00,"90,812,500.00"
918,PlaneaciónUrbanaparalarestitucióndegarantíasagruposvulnerables,0.00,0.00,0.00,"514,710.00",0.00,0.00,0.00,0.00,0.00,"514,710.00"
920,GestiónestratégicaparaeldesarrollosustentabledeJalisco,0.00,0.00,0.00,"83,508,333.00",0.00,0.00,0.00,0.00,0.00,"83,508,333.00"
921,DesarrolloUrbanoequitativoyordenadoconenfoquedeciudadesycomunidadessostenibles,0.00,0.00,0.00,"21,636,378.00",0.00,0.00,0.00,0.00,0.00,"21,636,378.00"
922,BúsquedayLocalizacióndePersonasDesaparecidas,"28,680,737.00","1,784,879.93","2,928,978.56","6,030,404.51","575,000.00",0.00,0.00,0.00,0.00,"40,000,000.00"
923,PrevenciónySancióndelasPrácticasdeCorrupción,"6,279,089.00",0.00,0.00,0.00,0.00,0.00,0.00,0.00,0.00,"6,279,089.00"
924,ProgramademejoradelaSeguridadVial,0.00,0.00,0.00,"200,000,000.00",0.00,0.00,0.00,0.00,0.00,"200,000,000.00"
925,PrevencióneInvestigaciónyCombatealaCorrupción,"43,588,565.00","1,514,167.00","12,132,384.20",0.00,"854,100.80",0.00,"5,495,248.80",0.00,0.00,"63,584,465.80"
926,ProgramaparaelfortalecimientodelSistemaEstatalAnticorrupción.,0.00,0.00,0.00,"50,178,924.00",0.00,0.00,0.00,0.00,0.00,"50,178,924.00"
927,"CInteligencia,VideovigilanciayParticipaciónCiudadana",0.00,0.00,0.00,"270,052,551.56",0.00,0.00,0.00,0.00,0.00,"270,052,551.56"
928,ProgramaEstataldeBúsquedadePersonas,"5,043,431.00",0.00,0.00,0.00,0.00,0.00,"4,956,569.00",0.00,0.00,"10,000,000.00"
929,InnovaciónyTecnologíasdeInformaciónyTelecomunicaciones,"30,241,373.00","1,862,054.73","151,335,980.51","1,000,000.00","24,850,208.00",0.00,0.00,0.00,0.00,"209,289,616.24"
930,VinculaciónconOrganismosPúblicosDescentralizadosdelPoderEjecutivo,"20,797,267.00","407,588.81","8,585,780.56",0.00,"830,506.67",0.00,0.00,0.00,0.00,"30,621,143.04"
931,Bienestareconómicoysocialparalosadultosmayores,0.00,"421,567.57","2,529,895.97",0.00,"118,209.81",0.00,"27,985,218.18",0.00,0.00,"31,054,891.53"
932,CoinversiónSocial,0.00,"524,117.06","551,006.28",0.00,"38,519.49",0.00,0.00,0.00,0.00,"1,113,642.83"
933,FortalecimientoInstitucionalparalaOperacióndeProgramasSociales,"16,946,213.00","757,000.00","5,527,000.00",0.00,"1,150,000.00",0.00,0.00,0.00,0.00,"24,380,213.00"
935,"ProgramadeApoyoLogístico,Técnico,deEvaluaciónyDifusióndelasactividadesdelC.GobernadorylaProyeccióndelEstadodeJalisco.","10,331,918.00","125,000.00","780,800.00",0.00,0.00,0.00,0.00,0.00,0.00,"11,237,718.00"
936,AtencióndeAgendayCoordinacióndeActividadesdelC.GobernadordelEstadodeJalisco,"19,467,192.00",0.00,0.00,0.00,0.00,0.00,0.00,0.00,0.00,"19,467,192.00"
937,AtencióndeAgendayCoordinacióndeActividadesdelC.GobernadordelEstadodeJalisco,"43,687,004.00","2,292,000.00","3,552,000.00",0.00,"180,000.00",0.00,0.00,0.00,0.00,"49,711,004.00"
938,AtencióndeAgendayCoordinacióndeActividadesdelC.GobernadordelEstadodeJalisco,"4,389,249.00","567,000.00","5,331,050.15",0.00,"1,351,034.54",0.00,0.00,0.00,0.00,"11,638,333.69"
939,AtencióndeAgendayCoordinacióndeActividadesdelC.GobernadordelEstadodeJalisco,"14,672,033.00","757,000.00","2,527,000.00",0.00,"650,000.00",0.00,0.00,0.00,0.00,"18,606,033.00"
940,InclusióndePersonasconDiscapacidad,0.00,"33,958.55","152,318.20",0.00,"9,972.15",0.00,0.00,0.00,0.00,"196,248.90"
941,Apoyoalingresodelhogarconjefaturafemenina,0.00,"146,266.61","751,554.52",0.00,"43,252.15",0.00,0.00,0.00,0.00,"941,073.28"
942,"AmpliacióndeOportunidadesEducativasparaNiñas,NiñosyJóvenes",0.00,"1,644,061.56","2,375,887.37","169,741,943.43","115,630.06",0.00,0.00,0.00,0.00,"173,877,522.42"
943,AtencióndeAgendayCoordinacióndeActividadesdelC.GobernadordelEstadodeJalisco,"5,888,515.00","395,813.90","3,310,368.00",0.00,"50,000.00",0.00,0.00,0.00,0.00,"9,644,696.90"
944,Atencióndeasuntosjurídicosfiscales,"4,222,449.00",0.00,0.00,0.00,0.00,0.00,0.00,0.00,0.00,"4,222,449.00"
945,Gestiónintegraldelosrecursoshídricos,"5,737,031.00","282,386.61","600,833.06",0.00,"284,165.46",0.00,0.00,0.00,0.00,"6,904,416.13"
946,CiudadCreativaDigital,0.00,0.00,0.00,"47,000,402.55",0.00,0.00,0.00,0.00,0.00,"47,000,402.55"
947,AtencióndeAgendayCoordinacióndeActividadesdelC.GobernadordelEstadodeJalisco,"47,942,838.00","964,000.00","23,150,000.00",0.00,"66,808,000.00",0.00,0.00,0.00,0.00,"138,864,838.00"
948,FortalecimientoInstitucionalentemasdeigualdadyperspectivadegénero,"21,060,794.00",0.00,0.00,0.00,0.00,0.00,0.00,0.00,0.00,"21,060,794.00"
,Total,"18,929,990,662.93","1,225,965,749.06","3,794,397,657.79","40,415,569,530.87","406,539,197.15","2,783,994,523.00","23,067,463,935.32","23,620,706,330.15","2,701,606,969.73","116,946,234,556.00"
,Distribución Porcentual,16.19,1.05,3.24,34.56,0.35,2.38,19.72,20.20,2.31,100.00
